Workbook
Name 식재료DB: '🥬 식재료 DB'!$C$7:$H$121

Sheet 📊 대시보드
B2: EVEREST RESTAURANT GROUP · 메뉴 원가 관리 시스템 (식재료·고정비 자동 연동)
B5: 전체 메뉴 | D5: 식재료 원가율 | F5: 총 원가율 (식재료+고정) | H5: 원가율 현황
B6: =COUNTA(C12:C111)-COUNTBLANK(C12:C111) -> 78 | D6: =IFERROR(AVERAGEIF(F12:F111,">0",IF(E12:E111>0,F12:F111/E12:E111,0)),"–") -> – | F6: =IFERROR(AVERAGEIF(H12:H111,">0",I12:I111),"–") -> 0.56775968 | H6: =IFERROR("✅"&COUNTIF(K12:K111,"*양호*")&" 🟡"&COUNTIF(K12:K111,"*주의*")&" 🔴"&COUNTIF(K12:K111,"*과다*"),"–") -> ✅0 🟡0 🔴89
B10: 📋 전체 메뉴 원가 현황 ─ 식재료 DB·고정비용 DB 수정 시 자동 갱신
B11: No. | C11: 메뉴명 | D11: 카테고리 | E11: 판매가(원) | F11: 식재료원가 | G11: 고정비용 | H11: 총 원가 | I11: 총 원가율 | J11: 마진(원) | K11: 판정
B12: 🍗 닭고기 커리
B13: 1 | C13: 치킨머커니 | D13: 🍗 닭고기 커리 | E13: ='🍗 닭고기 커리'!E8 -> 13000 | F13: ='🍗 닭고기 커리'!F8 -> 1734.247 | G13: ='🍗 닭고기 커리'!G8 -> 8583.8619 | H13: ='🍗 닭고기 커리'!H8 -> 6849.6149 | I13: ='🍗 닭고기 커리'!I8 -> 0.52689345 | J13: =IFERROR('🍗 닭고기 커리'!E8-'🍗 닭고기 커리'!H8,"") -> 6150.3851 | K13: ='🍗 닭고기 커리'!J8 -> 🔴 과다
B14: 2 | C14: 치킨 커리 | D14: 🍗 닭고기 커리 | E14: ='🍗 닭고기 커리'!E29 -> 12000 | F14: ='🍗 닭고기 커리'!F29 -> 1558.0248 | G14: ='🍗 닭고기 커리'!G29 -> 7923.5648 | H14: ='🍗 닭고기 커리'!H29 -> 6365.54 | I14: ='🍗 닭고기 커리'!I29 -> 0.53046167 | J14: =IFERROR('🍗 닭고기 커리'!E29-'🍗 닭고기 커리'!H29,"") -> 5634.46 | K14: ='🍗 닭고기 커리'!J29 -> 🔴 과다
B15: 3 | C15: 치킨 마살라 | D15: 🍗 닭고기 커리 | E15: ='🍗 닭고기 커리'!E50 -> 12000 | F15: ='🍗 닭고기 커리'!F50 -> 1859.4382 | G15: ='🍗 닭고기 커리'!G50 -> 7923.5648 | H15: ='🍗 닭고기 커리'!H50 -> 6064.1266 | I15: ='🍗 닭고기 커리'!I50 -> 0.50534388 | J15: =IFERROR('🍗 닭고기 커리'!E50-'🍗 닭고기 커리'!H50,"") -> 5935.8734 | K15: ='🍗 닭고기 커리'!J50 -> 🔴 과다
B16: 4 | C16: 커다이 치킨 | D16: 🍗 닭고기 커리 | E16: ='🍗 닭고기 커리'!E71 -> 13000 | F16: ='🍗 닭고기 커리'!F71 -> 1125.1149 | G16: ='🍗 닭고기 커리'!G71 -> 8583.8619 | H16: ='🍗 닭고기 커리'!H71 -> 7458.747 | I16: ='🍗 닭고기 커리'!I71 -> 0.57374977 | J16: =IFERROR('🍗 닭고기 커리'!E71-'🍗 닭고기 커리'!H71,"") -> 5541.253 | K16: ='🍗 닭고기 커리'!J71 -> 🔴 과다
B17: 5 | C17: 치킨 티카 마살라 | D17: 🍗 닭고기 커리 | E17: ='🍗 닭고기 커리'!E92 -> 13000 | F17: ='🍗 닭고기 커리'!F92 -> 2570.2871 | G17: ='🍗 닭고기 커리'!G92 -> 8583.8619 | H17: ='🍗 닭고기 커리'!H92 -> 6013.5747 | I17: ='🍗 닭고기 커리'!I92 -> 0.46258267 | J17: =IFERROR('🍗 닭고기 커리'!E92-'🍗 닭고기 커리'!H92,"") -> 6986.4253 | K17: ='🍗 닭고기 커리'!J92 -> 🔴 과다
B18: 6 | C18: 스페셜 커리치킨 | D18: 🍗 닭고기 커리 | E18: ='🍗 닭고기 커리'!E113 -> 14000 | F18: ='🍗 닭고기 커리'!F113 -> 648.03405 | G18: ='🍗 닭고기 커리'!G113 -> 9244.1589 | H18: ='🍗 닭고기 커리'!H113 -> 8596.1249 | I18: ='🍗 닭고기 커리'!I113 -> 0.61400892 | J18: =IFERROR('🍗 닭고기 커리'!E113-'🍗 닭고기 커리'!H113,"") -> 5403.8751 | K18: ='🍗 닭고기 커리'!J113 -> 🔴 과다
B19: 7 | C19: 베이비 커리 | D19: 🍗 닭고기 커리 | E19: ='🍗 닭고기 커리'!E134 -> 13000 | F19: ='🍗 닭고기 커리'!F134 -> 655.13086 | G19: ='🍗 닭고기 커리'!G134 -> 8583.8619 | H19: ='🍗 닭고기 커리'!H134 -> 7928.731 | I19: ='🍗 닭고기 커리'!I134 -> 0.60990238 | J19: =IFERROR('🍗 닭고기 커리'!E134-'🍗 닭고기 커리'!H134,"") -> 5071.269 | K19: ='🍗 닭고기 커리'!J134 -> 🔴 과다
B20: 8 | C20: 진저 치킨 | D20: 🍗 닭고기 커리 | E20: ='🍗 닭고기 커리'!E155 -> 12000 | F20: ='🍗 닭고기 커리'!F155 -> 1880.5556 | G20: ='🍗 닭고기 커리'!G155 -> 7923.5648 | H20: ='🍗 닭고기 커리'!H155 -> 6043.0092 | I20: ='🍗 닭고기 커리'!I155 -> 0.5035841 | J20: =IFERROR('🍗 닭고기 커리'!E155-'🍗 닭고기 커리'!H155,"") -> 5956.9908 | K20: ='🍗 닭고기 커리'!J155 -> 🔴 과다
B21: 9 | C21: 치킨 빈달루 | D21: 🍗 닭고기 커리 | E21: ='🍗 닭고기 커리'!E176 -> 14000 | F21: ='🍗 닭고기 커리'!F176 -> 1767.4136 | G21: ='🍗 닭고기 커리'!G176 -> 9244.1589 | H21: ='🍗 닭고기 커리'!H176 -> 7476.7453 | I21: ='🍗 닭고기 커리'!I176 -> 0.53405323 | J21: =IFERROR('🍗 닭고기 커리'!E176-'🍗 닭고기 커리'!H176,"") -> 6523.2547 | K21: ='🍗 닭고기 커리'!J176 -> 🔴 과다
B22: 10 | C22: 치킨 코르마 | D22: 🍗 닭고기 커리 | E22: ='🍗 닭고기 커리'!E197 -> 12000 | F22: ='🍗 닭고기 커리'!F197 -> 1093.3859 | G22: ='🍗 닭고기 커리'!G197 -> 7923.5648 | H22: ='🍗 닭고기 커리'!H197 -> 6830.1789 | I22: ='🍗 닭고기 커리'!I197 -> 0.56918158 | J22: =IFERROR('🍗 닭고기 커리'!E197-'🍗 닭고기 커리'!H197,"") -> 5169.8211 | K22: ='🍗 닭고기 커리'!J197 -> 🔴 과다
B23: 73 | C23: 커다이치킨 | D23: 🍗 닭고기 커리 | E23: ='🍗 닭고기 커리'!E218 -> 12000 | F23: ='🍗 닭고기 커리'!F218 -> 1125.1149 | G23: ='🍗 닭고기 커리'!G218 -> 7923.5648 | H23: ='🍗 닭고기 커리'!H218 -> 6798.4499 | I23: ='🍗 닭고기 커리'!I218 -> 0.5665375 | J23: =IFERROR('🍗 닭고기 커리'!E218-'🍗 닭고기 커리'!H218,"") -> 5201.5501 | K23: ='🍗 닭고기 커리'!J218 -> 🔴 과다
B24: 74 | C24: 버터 치킨 | D24: 🍗 닭고기 커리 | E24: ='🍗 닭고기 커리'!E239 -> 15000 | F24: ='🍗 닭고기 커리'!F239 -> 1093.3859 | G24: ='🍗 닭고기 커리'!G239 -> 9904.456 | H24: ='🍗 닭고기 커리'!H239 -> 8811.0701 | I24: ='🍗 닭고기 커리'!I239 -> 0.58740468 | J24: =IFERROR('🍗 닭고기 커리'!E239-'🍗 닭고기 커리'!H239,"") -> 6188.9299 | K24: ='🍗 닭고기 커리'!J239 -> 🔴 과다
B25: 40 | C25: 치킨 칠리 | D25: 🍗 닭고기 커리 | E25: ='🍗 닭고기 커리'!E260 -> 11000 | F25: ='🍗 닭고기 커리'!F260 -> 1626.6906 | G25: ='🍗 닭고기 커리'!G260 -> 7263.2677 | H25: ='🍗 닭고기 커리'!H260 -> 5636.5772 | I25: ='🍗 닭고기 커리'!I260 -> 0.51241611 | J25: =IFERROR('🍗 닭고기 커리'!E260-'🍗 닭고기 커리'!H260,"") -> 5363.4228 | K25: ='🍗 닭고기 커리'!J260 -> 🔴 과다
B26: 86 | C26: 스페셜치킨커리 | D26: 🍗 닭고기 커리 | E26: ='🍗 닭고기 커리'!E285 -> 14000 | F26: ='🍗 닭고기 커리'!F285 -> 1405.5174 | G26: ='🍗 닭고기 커리'!G285 -> 9244.1589 | H26: ='🍗 닭고기 커리'!H285 -> 7838.6415 | I26: ='🍗 닭고기 커리'!I285 -> 0.55990296 | J26: =IFERROR('🍗 닭고기 커리'!E285-'🍗 닭고기 커리'!H285,"") -> 6161.3585 | K26: ='🍗 닭고기 커리'!J285 -> 🔴 과다
B27: 🐑 양고기 커리
B28: 12 | C28: 머턴 커리 | D28: 🐑 양고기 커리 | E28: ='🐑 양고기 커리'!E8 -> 13000 | F28: ='🐑 양고기 커리'!F8 -> 1868.0248 | G28: ='🐑 양고기 커리'!G8 -> 8583.8619 | H28: ='🐑 양고기 커리'!H8 -> 6715.8371 | I28: ='🐑 양고기 커리'!I8 -> 0.51660285 | J28: =IFERROR('🐑 양고기 커리'!E8-'🐑 양고기 커리'!H8,"") -> 6284.1629 | K28: ='🐑 양고기 커리'!J8 -> 🔴 과다
B29: 13 | C29: 머턴 마살라 | D29: 🐑 양고기 커리 | E29: ='🐑 양고기 커리'!E29 -> 14000 | F29: ='🐑 양고기 커리'!F29 -> 2135.3998 | G29: ='🐑 양고기 커리'!G29 -> 9244.1589 | H29: ='🐑 양고기 커리'!H29 -> 7108.7592 | I29: ='🐑 양고기 커리'!I29 -> 0.50776851 | J29: =IFERROR('🐑 양고기 커리'!E29-'🐑 양고기 커리'!H29,"") -> 6891.2408 | K29: ='🐑 양고기 커리'!J29 -> 🔴 과다
B30: 14 | C30: 머턴 도 피아자 | D30: 🐑 양고기 커리 | E30: ='🐑 양고기 커리'!E50 -> 14000 | F30: ='🐑 양고기 커리'!F50 -> 1366.5248 | G30: ='🐑 양고기 커리'!G50 -> 9244.1589 | H30: ='🐑 양고기 커리'!H50 -> 7877.6342 | I30: ='🐑 양고기 커리'!I50 -> 0.56268816 | J30: =IFERROR('🐑 양고기 커리'!E50-'🐑 양고기 커리'!H50,"") -> 6122.3658 | K30: ='🐑 양고기 커리'!J50 -> 🔴 과다
B31: 15 | C31: 머턴 코르마 | D31: 🐑 양고기 커리 | E31: ='🐑 양고기 커리'!E71 -> 14000 | F31: ='🐑 양고기 커리'!F71 -> 1381.0248 | G31: ='🐑 양고기 커리'!G71 -> 9244.1589 | H31: ='🐑 양고기 커리'!H71 -> 7863.1342 | I31: ='🐑 양고기 커리'!I71 -> 0.56165244 | J31: =IFERROR('🐑 양고기 커리'!E71-'🐑 양고기 커리'!H71,"") -> 6136.8658 | K31: ='🐑 양고기 커리'!J71 -> 🔴 과다
B32: 16 | C32: 머턴 빈달루 | D32: 🐑 양고기 커리 | E32: ='🐑 양고기 커리'!E92 -> 15000 | F32: ='🐑 양고기 커리'!F92 -> 2297.4136 | G32: ='🐑 양고기 커리'!G92 -> 9904.456 | H32: ='🐑 양고기 커리'!H92 -> 7607.0424 | I32: ='🐑 양고기 커리'!I92 -> 0.50713616 | J32: =IFERROR('🐑 양고기 커리'!E92-'🐑 양고기 커리'!H92,"") -> 7392.9576 | K32: ='🐑 양고기 커리'!J92 -> 🔴 과다
B33: 17 | C33: 머턴 아차르 | D33: 🐑 양고기 커리 | E33: ='🐑 양고기 커리'!E113 -> 14000 | F33: ='🐑 양고기 커리'!F113 -> 1170.8754 | G33: ='🐑 양고기 커리'!G113 -> 9244.1589 | H33: ='🐑 양고기 커리'!H113 -> 8073.2836 | I33: ='🐑 양고기 커리'!I113 -> 0.57666311 | J33: =IFERROR('🐑 양고기 커리'!E113-'🐑 양고기 커리'!H113,"") -> 5926.7164 | K33: ='🐑 양고기 커리'!J113 -> 🔴 과다
B34: 75 | C34: 머턴 사그 | D34: 🐑 양고기 커리 | E34: ='🐑 양고기 커리'!E134 -> 15000 | F34: ='🐑 양고기 커리'!F134 -> 1538.0213 | G34: ='🐑 양고기 커리'!G134 -> 9904.456 | H34: ='🐑 양고기 커리'!H134 -> 8366.4347 | I34: ='🐑 양고기 커리'!I134 -> 0.55776231 | J34: =IFERROR('🐑 양고기 커리'!E134-'🐑 양고기 커리'!H134,"") -> 6633.5653 | K34: ='🐑 양고기 커리'!J134 -> 🔴 과다
B35: 🥚 에그·해산물 커리
B36: 11 | C36: 에그 커리 | D36: 🥚 에그·해산물 커리 | E36: ='🥚 에그·해산물 커리'!E8 -> 11000 | F36: ='🥚 에그·해산물 커리'!F8 -> 1258.0248 | G36: ='🥚 에그·해산물 커리'!G8 -> 7263.2677 | H36: ='🥚 에그·해산물 커리'!H8 -> 6005.243 | I36: ='🥚 에그·해산물 커리'!I8 -> 0.54593118 | J36: =IFERROR('🥚 에그·해산물 커리'!E8-'🥚 에그·해산물 커리'!H8,"") -> 4994.757 | K36: ='🥚 에그·해산물 커리'!J8 -> 🔴 과다
B37: 18 | C37: 프라운커리 | D37: 🥚 에그·해산물 커리 | E37: ='🥚 에그·해산물 커리'!E29 -> 13000 | F37: ='🥚 에그·해산물 커리'!F29 -> 1358.496 | G37: ='🥚 에그·해산물 커리'!G29 -> 8583.8619 | H37: ='🥚 에그·해산물 커리'!H29 -> 7225.3658 | I37: ='🥚 에그·해산물 커리'!I29 -> 0.55579737 | J37: =IFERROR('🥚 에그·해산물 커리'!E29-'🥚 에그·해산물 커리'!H29,"") -> 5774.6342 | K37: ='🥚 에그·해산물 커리'!J29 -> 🔴 과다
B38: 19 | C38: 프라운 칠리 커리 | D38: 🥚 에그·해산물 커리 | E38: ='🥚 에그·해산물 커리'!E50 -> 13000 | F38: ='🥚 에그·해산물 커리'!F50 -> 2029.3581 | G38: ='🥚 에그·해산물 커리'!G50 -> 8583.8619 | H38: ='🥚 에그·해산물 커리'!H50 -> 6554.5038 | I38: ='🥚 에그·해산물 커리'!I50 -> 0.5041926 | J38: =IFERROR('🥚 에그·해산물 커리'!E50-'🥚 에그·해산물 커리'!H50,"") -> 6445.4962 | K38: ='🥚 에그·해산물 커리'!J50 -> 🔴 과다
B39: 20 | C39: 해산물 빈달루 | D39: 🥚 에그·해산물 커리 | E39: ='🥚 에그·해산물 커리'!E71 -> 15000 | F39: ='🥚 에그·해산물 커리'!F71 -> 1877.6914 | G39: ='🥚 에그·해산물 커리'!G71 -> 9904.456 | H39: ='🥚 에그·해산물 커리'!H71 -> 8026.7646 | I39: ='🥚 에그·해산물 커리'!I71 -> 0.53511764 | J39: =IFERROR('🥚 에그·해산물 커리'!E71-'🥚 에그·해산물 커리'!H71,"") -> 6973.2354 | K39: ='🥚 에그·해산물 커리'!J71 -> 🔴 과다
B40: 🥦 야채·달 커리
B41: 21 | C41: 머라이 코프타 | D41: 🥦 야채·달 커리 | E41: ='🥦 야채·달 커리'!E8 -> 13000 | F41: ='🥦 야채·달 커리'!F8 -> 1411.8471 | G41: ='🥦 야채·달 커리'!G8 -> 8583.8619 | H41: ='🥦 야채·달 커리'!H8 -> 7172.0147 | I41: ='🥦 야채·달 커리'!I8 -> 0.55169344 | J41: =IFERROR('🥦 야채·달 커리'!E8-'🥦 야채·달 커리'!H8,"") -> 5827.9853 | K41: ='🥦 야채·달 커리'!J8 -> 🔴 과다
B42: 22 | C42: 퍼니르 버터 마살라 | D42: 🥦 야채·달 커리 | E42: ='🥦 야채·달 커리'!E29 -> 13000 | F42: ='🥦 야채·달 커리'!F29 -> 1612.2748 | G42: ='🥦 야채·달 커리'!G29 -> 8583.8619 | H42: ='🥦 야채·달 커리'!H29 -> 6971.5871 | I42: ='🥦 야채·달 커리'!I29 -> 0.53627593 | J42: =IFERROR('🥦 야채·달 커리'!E29-'🥦 야채·달 커리'!H29,"") -> 6028.4129 | K42: ='🥦 야채·달 커리'!J29 -> 🔴 과다
B43: 23 | C43: 펄럭 퍼니르 | D43: 🥦 야채·달 커리 | E43: ='🥦 야채·달 커리'!E50 -> 13000 | F43: ='🥦 야채·달 커리'!F50 -> 1875.6298 | G43: ='🥦 야채·달 커리'!G50 -> 8583.8619 | H43: ='🥦 야채·달 커리'!H50 -> 6708.2321 | I43: ='🥦 야채·달 커리'!I50 -> 0.51601785 | J43: =IFERROR('🥦 야채·달 커리'!E50-'🥦 야채·달 커리'!H50,"") -> 6291.7679 | K43: ='🥦 야채·달 커리'!J50 -> 🔴 과다
B44: 24 | C44: 알루 펄럭 | D44: 🥦 야채·달 커리 | E44: ='🥦 야채·달 커리'!E71 -> 12000 | F44: ='🥦 야채·달 커리'!F71 -> 1678.1298 | G44: ='🥦 야채·달 커리'!G71 -> 7923.5648 | H44: ='🥦 야채·달 커리'!H71 -> 6245.435 | I44: ='🥦 야채·달 커리'!I71 -> 0.52045292 | J44: =IFERROR('🥦 야채·달 커리'!E71-'🥦 야채·달 커리'!H71,"") -> 5754.565 | K44: ='🥦 야채·달 커리'!J71 -> 🔴 과다
B45: 25 | C45: 알루 고비 | D45: 🥦 야채·달 커리 | E45: ='🥦 야채·달 커리'!E92 -> 12000 | F45: ='🥦 야채·달 커리'!F92 -> 436.76238 | G45: ='🥦 야채·달 커리'!G92 -> 7923.5648 | H45: ='🥦 야채·달 커리'!H92 -> 7486.8024 | I45: ='🥦 야채·달 커리'!I92 -> 0.6239002 | J45: =IFERROR('🥦 야채·달 커리'!E92-'🥦 야채·달 커리'!H92,"") -> 4513.1976 | K45: ='🥦 야채·달 커리'!J92 -> 🔴 과다
B46: 26 | C46: 쩌나 마살라 | D46: 🥦 야채·달 커리 | E46: ='🥦 야채·달 커리'!E113 -> 12000 | F46: ='🥦 야채·달 커리'!F113 -> 563.86006 | G46: ='🥦 야채·달 커리'!G113 -> 7923.5648 | H46: ='🥦 야채·달 커리'!H113 -> 7359.7047 | I46: ='🥦 야채·달 커리'!I113 -> 0.61330873 | J46: =IFERROR('🥦 야채·달 커리'!E113-'🥦 야채·달 커리'!H113,"") -> 4640.2953 | K46: ='🥦 야채·달 커리'!J113 -> 🔴 과다
B47: 27 | C47: 모듬 야채 커리 | D47: 🥦 야채·달 커리 | E47: ='🥦 야채·달 커리'!E134 -> 12500 | F47: ='🥦 야채·달 커리'!F134 -> 469.71733 | G47: ='🥦 야채·달 커리'!G134 -> 8253.7133 | H47: ='🥦 야채·달 커리'!H134 -> 7783.996 | I47: ='🥦 야채·달 커리'!I134 -> 0.62271968 | J47: =IFERROR('🥦 야채·달 커리'!E134-'🥦 야채·달 커리'!H134,"") -> 4716.004 | K47: ='🥦 야채·달 커리'!J134 -> 🔴 과다
B48: 28 | C48: 머쉬룸 커리 | D48: 🥦 야채·달 커리 | E48: ='🥦 야채·달 커리'!E155 -> 12000 | F48: ='🥦 야채·달 커리'!F155 -> 830.21733 | G48: ='🥦 야채·달 커리'!G155 -> 7923.5648 | H48: ='🥦 야채·달 커리'!H155 -> 7093.3475 | I48: ='🥦 야채·달 커리'!I155 -> 0.59111229 | J48: =IFERROR('🥦 야채·달 커리'!E155-'🥦 야채·달 커리'!H155,"") -> 4906.6525 | K48: ='🥦 야채·달 커리'!J155 -> 🔴 과다
B49: 29 | C49: 달 머커니 | D49: 🥦 야채·달 커리 | E49: ='🥦 야채·달 커리'!E176 -> 13000 | F49: ='🥦 야채·달 커리'!F176 -> 1444.2845 | G49: ='🥦 야채·달 커리'!G176 -> 8583.8619 | H49: ='🥦 야채·달 커리'!H176 -> 7139.5773 | I49: ='🥦 야채·달 커리'!I176 -> 0.54919826 | J49: =IFERROR('🥦 야채·달 커리'!E176-'🥦 야채·달 커리'!H176,"") -> 5860.4227 | K49: ='🥦 야채·달 커리'!J176 -> 🔴 과다
B50: 30 | C50: 달 터드카 | D50: 🥦 야채·달 커리 | E50: ='🥦 야채·달 커리'!E197 -> 12000 | F50: ='🥦 야채·달 커리'!F197 -> 1608.2812 | G50: ='🥦 야채·달 커리'!G197 -> 7923.5648 | H50: ='🥦 야채·달 커리'!H197 -> 6315.2835 | I50: ='🥦 야채·달 커리'!I197 -> 0.52627363 | J50: =IFERROR('🥦 야채·달 커리'!E197-'🥦 야채·달 커리'!H197,"") -> 5684.7165 | K50: ='🥦 야채·달 커리'!J197 -> 🔴 과다
B51: 31 | C51: 커다이 퍼니르 | D51: 🥦 야채·달 커리 | E51: ='🥦 야채·달 커리'!E218 -> 13000 | F51: ='🥦 야채·달 커리'!F218 -> 1122.8581 | G51: ='🥦 야채·달 커리'!G218 -> 8583.8619 | H51: ='🥦 야채·달 커리'!H218 -> 7461.0038 | I51: ='🥦 야채·달 커리'!I218 -> 0.57392337 | J51: =IFERROR('🥦 야채·달 커리'!E218-'🥦 야채·달 커리'!H218,"") -> 5538.9962 | K51: ='🥦 야채·달 커리'!J218 -> 🔴 과다
B52: 32 | C52: 마타 퍼니르 | D52: 🥦 야채·달 커리 | E52: ='🥦 야채·달 커리'!E239 -> 13500 | F52: ='🥦 야채·달 커리'!F239 -> 827.27475 | G52: ='🥦 야채·달 커리'!G239 -> 8914.0104 | H52: ='🥦 야채·달 커리'!H239 -> 8086.7356 | I52: ='🥦 야채·달 커리'!I239 -> 0.59901745 | J52: =IFERROR('🥦 야채·달 커리'!E239-'🥦 야채·달 커리'!H239,"") -> 5413.2644 | K52: ='🥦 야채·달 커리'!J239 -> 🔴 과다
B53: 76 | C53: 야채 나바라탄 코르마 | D53: 🥦 야채·달 커리 | E53: ='🥦 야채·달 커리'!E260 -> 15000 | F53: ='🥦 야채·달 커리'!F260 -> 887.03857 | G53: ='🥦 야채·달 커리'!G260 -> 9904.456 | H53: ='🥦 야채·달 커리'!H260 -> 9017.4174 | I53: ='🥦 야채·달 커리'!I260 -> 0.60116116 | J53: =IFERROR('🥦 야채·달 커리'!E260-'🥦 야채·달 커리'!H260,"") -> 5982.5826 | K53: ='🥦 야채·달 커리'!J260 -> 🔴 과다
B54: 🔥 탄두리·케밥
B55: 47 | C55: 치킨 멀라이 케밥 | D55: 🔥 탄두리·케밥 | E55: ='🔥 탄두리·케밥'!E8 -> 12000 | F55: ='🔥 탄두리·케밥'!F8 -> 594.34211 | G55: ='🔥 탄두리·케밥'!G8 -> 7923.5648 | H55: ='🔥 탄두리·케밥'!H8 -> 7329.2227 | I55: ='🔥 탄두리·케밥'!I8 -> 0.61076856 | J55: =IFERROR('🔥 탄두리·케밥'!E8-'🔥 탄두리·케밥'!H8,"") -> 4670.7773 | K55: ='🔥 탄두리·케밥'!J8 -> 🔴 과다
B56: 48 | C56: 치킨 티카 | D56: 🔥 탄두리·케밥 | E56: ='🔥 탄두리·케밥'!E29 -> 11000 | F56: ='🔥 탄두리·케밥'!F29 -> 458.16417 | G56: ='🔥 탄두리·케밥'!G29 -> 7263.2677 | H56: ='🔥 탄두리·케밥'!H29 -> 6805.1036 | I56: ='🔥 탄두리·케밥'!I29 -> 0.61864578 | J56: =IFERROR('🔥 탄두리·케밥'!E29-'🔥 탄두리·케밥'!H29,"") -> 4194.8964 | K56: ='🔥 탄두리·케밥'!J29 -> 🔴 과다
B57: 49 | C57: 치킨 탕그리 케밥 | D57: 🔥 탄두리·케밥 | E57: ='🔥 탄두리·케밥'!E50 -> 12000 | F57: ='🔥 탄두리·케밥'!F50 -> 641.25 | G57: ='🔥 탄두리·케밥'!G50 -> 7923.5648 | H57: ='🔥 탄두리·케밥'!H50 -> 7282.3148 | I57: ='🔥 탄두리·케밥'!I50 -> 0.60685957 | J57: =IFERROR('🔥 탄두리·케밥'!E50-'🔥 탄두리·케밥'!H50,"") -> 4717.6852 | K57: ='🔥 탄두리·케밥'!J50 -> 🔴 과다
B58: 50 | C58: 머턴 세꾸와 | D58: 🔥 탄두리·케밥 | E58: ='🔥 탄두리·케밥'!E71 -> 13000 | F58: ='🔥 탄두리·케밥'!F71 -> 4033.0833 | G58: ='🔥 탄두리·케밥'!G71 -> 8583.8619 | H58: ='🔥 탄두리·케밥'!H71 -> 4550.7785 | I58: ='🔥 탄두리·케밥'!I71 -> 0.35005989 | J58: =IFERROR('🔥 탄두리·케밥'!E71-'🔥 탄두리·케밥'!H71,"") -> 8449.2215 | K58: ='🔥 탄두리·케밥'!J71 -> 🔴 과다
B59: 51 | C59: 믹스 탄두리 플래터 | D59: 🔥 탄두리·케밥 | E59: ='🔥 탄두리·케밥'!E93 -> 30000 | F59: ='🔥 탄두리·케밥'!F93 -> 1015.3947 | G59: ='🔥 탄두리·케밥'!G93 -> 19808.912 | H59: ='🔥 탄두리·케밥'!H93 -> 18793.517 | I59: ='🔥 탄두리·케밥'!I93 -> 0.62645057 | J59: =IFERROR('🔥 탄두리·케밥'!E93-'🔥 탄두리·케밥'!H93,"") -> 11206.483 | K59: ='🔥 탄두리·케밥'!J93 -> 🔴 과다
B60: 52 | C60: 탄두리 치킨(반마리) | D60: 🔥 탄두리·케밥 | E60: ='🔥 탄두리·케밥'!E115 -> 10000 | F60: ='🔥 탄두리·케밥'!F115 -> 708.7475 | G60: ='🔥 탄두리·케밥'!G115 -> 6602.9707 | H60: ='🔥 탄두리·케밥'!H115 -> 5894.2232 | I60: ='🔥 탄두리·케밥'!I115 -> 0.58942232 | J60: =IFERROR('🔥 탄두리·케밥'!E115-'🔥 탄두리·케밥'!H115,"") -> 4105.7768 | K60: ='🔥 탄두리·케밥'!J115 -> 🔴 과다
B61: 53 | C61: 탄두리 치킨(한마리) | D61: 🔥 탄두리·케밥 | E61: ='🔥 탄두리·케밥'!E136 -> 19000 | F61: ='🔥 탄두리·케밥'!F136 -> 936.69028 | G61: ='🔥 탄두리·케밥'!G136 -> 12545.644 | H61: ='🔥 탄두리·케밥'!H136 -> 11608.954 | I61: ='🔥 탄두리·케밥'!I136 -> 0.61099758 | J61: =IFERROR('🔥 탄두리·케밥'!E136-'🔥 탄두리·케밥'!H136,"") -> 7391.046 | K61: ='🔥 탄두리·케밥'!J136 -> 🔴 과다
B62: 79 | C62: 치킨시크케밥 | D62: 🔥 탄두리·케밥 | E62: ='🔥 탄두리·케밥'!E157 -> 18000 | F62: ='🔥 탄두리·케밥'!F157 -> 2447.7778 | G62: ='🔥 탄두리·케밥'!G157 -> 11885.347 | H62: ='🔥 탄두리·케밥'!H157 -> 9437.5694 | I62: ='🔥 탄두리·케밥'!I157 -> 0.52430941 | J62: =IFERROR('🔥 탄두리·케밥'!E157-'🔥 탄두리·케밥'!H157,"") -> 8562.4306 | K62: ='🔥 탄두리·케밥'!J157 -> 🔴 과다
B63: 87 | C63: 탄두리치킨(한마리 | D63: 🔥 탄두리·케밥 | E63: ='🔥 탄두리·케밥'!E178 -> 22000 | F63: ='🔥 탄두리·케밥'!F178 -> 6576.2611 | G63: ='🔥 탄두리·케밥'!G178 -> 14526.535 | H63: ='🔥 탄두리·케밥'!H178 -> 7950.2743 | I63: ='🔥 탄두리·케밥'!I178 -> 0.36137611 | J63: =IFERROR('🔥 탄두리·케밥'!E178-'🔥 탄두리·케밥'!H178,"") -> 14049.726 | K63: ='🔥 탄두리·케밥'!J178 -> 🔴 과다
B64: 🥟 스낵·면·만두
B65: 33 | C65: 모모 | D65: 🥟 스낵·면·만두 | E65: ='🥟 스낵·면·만두'!E8 -> 10000 | F65: ='🥟 스낵·면·만두'!F8 -> 626.16667 | G65: ='🥟 스낵·면·만두'!G8 -> 6602.9707 | H65: ='🥟 스낵·면·만두'!H8 -> 5976.804 | I65: ='🥟 스낵·면·만두'!I8 -> 0.5976804 | J65: =IFERROR('🥟 스낵·면·만두'!E8-'🥟 스낵·면·만두'!H8,"") -> 4023.196 | K65: ='🥟 스낵·면·만두'!J8 -> 🔴 과다
B66: 34 | C66: 졸 모모 | D66: 🥟 스낵·면·만두 | E66: ='🥟 스낵·면·만두'!E29 -> 12000 | F66: ='🥟 스낵·면·만두'!F29 -> 683.66667 | G66: ='🥟 스낵·면·만두'!G29 -> 7923.5648 | H66: ='🥟 스낵·면·만두'!H29 -> 7239.8981 | I66: ='🥟 스낵·면·만두'!I29 -> 0.60332484 | J66: =IFERROR('🥟 스낵·면·만두'!E29-'🥟 스낵·면·만두'!H29,"") -> 4760.1019 | K66: ='🥟 스낵·면·만두'!J29 -> 🔴 과다
B67: 35 | C67: 자오미엔 | D67: 🥟 스낵·면·만두 | E67: ='🥟 스낵·면·만두'!E50 -> 10000 | F67: ='🥟 스낵·면·만두'!F50 -> 871.41111 | G67: ='🥟 스낵·면·만두'!G50 -> 6602.9707 | H67: ='🥟 스낵·면·만두'!H50 -> 5731.5595 | I67: ='🥟 스낵·면·만두'!I50 -> 0.57315595 | J67: =IFERROR('🥟 스낵·면·만두'!E50-'🥟 스낵·면·만두'!H50,"") -> 4268.4405 | K67: ='🥟 스낵·면·만두'!J50 -> 🔴 과다
B68: 36 | C68: 베지 자오미엔 | D68: 🥟 스낵·면·만두 | E68: ='🥟 스낵·면·만두'!E71 -> 10000 | F68: ='🥟 스낵·면·만두'!F71 -> 1002.0145 | G68: ='🥟 스낵·면·만두'!G71 -> 6602.9707 | H68: ='🥟 스낵·면·만두'!H71 -> 5600.9561 | I68: ='🥟 스낵·면·만두'!I71 -> 0.56009561 | J68: =IFERROR('🥟 스낵·면·만두'!E71-'🥟 스낵·면·만두'!H71,"") -> 4399.0439 | K68: ='🥟 스낵·면·만두'!J71 -> 🔴 과다
B69: 37 | C69: 사모사 | D69: 🥟 스낵·면·만두 | E69: ='🥟 스낵·면·만두'!E92 -> 6000 | F69: ='🥟 스낵·면·만두'!F92 -> 623.75 | G69: ='🥟 스낵·면·만두'!G92 -> 3961.7824 | H69: ='🥟 스낵·면·만두'!H92 -> 3338.0324 | I69: ='🥟 스낵·면·만두'!I92 -> 0.55633873 | J69: =IFERROR('🥟 스낵·면·만두'!E92-'🥟 스낵·면·만두'!H92,"") -> 2661.9676 | K69: ='🥟 스낵·면·만두'!J92 -> 🔴 과다
B70: 38 | C70: 스프링롤 | D70: 🥟 스낵·면·만두 | E70: ='🥟 스낵·면·만두'!E113 -> 12000 | F70: ='🥟 스낵·면·만두'!F113 -> 856.13333 | G70: ='🥟 스낵·면·만두'!G113 -> 7923.5648 | H70: ='🥟 스낵·면·만두'!H113 -> 7067.4315 | I70: ='🥟 스낵·면·만두'!I113 -> 0.58895262 | J70: =IFERROR('🥟 스낵·면·만두'!E113-'🥟 스낵·면·만두'!H113,"") -> 4932.5685 | K70: ='🥟 스낵·면·만두'!J113 -> 🔴 과다
B71: 39 | C71: 프렌치 프라이 | D71: 🥟 스낵·면·만두 | E71: ='🥟 스낵·면·만두'!E134 -> 5000 | F71: ='🥟 스낵·면·만두'!F134 -> 5 | G71: ='🥟 스낵·면·만두'!G134 -> 3301.4853 | H71: ='🥟 스낵·면·만두'!H134 -> 3296.4853 | I71: ='🥟 스낵·면·만두'!I134 -> 0.65929707 | J71: =IFERROR('🥟 스낵·면·만두'!E134-'🥟 스낵·면·만두'!H134,"") -> 1703.5147 | K71: ='🥟 스낵·면·만두'!J134 -> 🔴 과다
B72: 42 | C72: 퍼니르 퍼코다 | D72: 🥟 스낵·면·만두 | E72: ='🥟 스낵·면·만두'!E155 -> 13000 | F72: ='🥟 스낵·면·만두'!F155 -> 360 | G72: ='🥟 스낵·면·만두'!G155 -> 8583.8619 | H72: ='🥟 스낵·면·만두'!H155 -> 8223.8619 | I72: ='🥟 스낵·면·만두'!I155 -> 0.63260476 | J72: =IFERROR('🥟 스낵·면·만두'!E155-'🥟 스낵·면·만두'!H155,"") -> 4776.1381 | K72: ='🥟 스낵·면·만두'!J155 -> 🔴 과다
B73: 43 | C73: 알루덤 | D73: 🥟 스낵·면·만두 | E73: ='🥟 스낵·면·만두'!E176 -> 8000 | F73: ='🥟 스낵·면·만두'!F176 -> 1232.5 | G73: ='🥟 스낵·면·만두'!G176 -> 5282.3765 | H73: ='🥟 스낵·면·만두'!H176 -> 4049.8765 | I73: ='🥟 스낵·면·만두'!I176 -> 0.50623457 | J73: =IFERROR('🥟 스낵·면·만두'!E176-'🥟 스낵·면·만두'!H176,"") -> 3950.1235 | K73: ='🥟 스낵·면·만두'!J176 -> 🔴 과다
B74: 44 | C74: 뚝파 | D74: 🥟 스낵·면·만두 | E74: ='🥟 스낵·면·만두'!E198 -> 9000 | F74: ='🥟 스낵·면·만두'!F198 -> 966.16667 | G74: ='🥟 스낵·면·만두'!G198 -> 5942.6736 | H74: ='🥟 스낵·면·만두'!H198 -> 4976.5069 | I74: ='🥟 스낵·면·만두'!I198 -> 0.55294521 | J74: =IFERROR('🥟 스낵·면·만두'!E198-'🥟 스낵·면·만두'!H198,"") -> 4023.4931 | K74: ='🥟 스낵·면·만두'!J198 -> 🔴 과다
B75: 45 | C75: 드라이 파펃 | D75: 🥟 스낵·면·만두 | E75: ='🥟 스낵·면·만두'!E221 -> 2000 | F75: ='🥟 스낵·면·만두'!F221 -> 625 | G75: ='🥟 스낵·면·만두'!G221 -> 1320.5941 | H75: ='🥟 스낵·면·만두'!H221 -> 695.59413 | I75: ='🥟 스낵·면·만두'!I221 -> 0.34779707 | J75: =IFERROR('🥟 스낵·면·만두'!E221-'🥟 스낵·면·만두'!H221,"") -> 1304.4059 | K75: ='🥟 스낵·면·만두'!J221 -> 🔴 과다
B76: 46 | C76: 마살라 파펃 | D76: 🥟 스낵·면·만두 | E76: ='🥟 스낵·면·만두'!E242 -> 5000 | F76: ='🥟 스낵·면·만두'!F242 -> 1387 | G76: ='🥟 스낵·면·만두'!G242 -> 3301.4853 | H76: ='🥟 스낵·면·만두'!H242 -> 1914.4853 | I76: ='🥟 스낵·면·만두'!I242 -> 0.38289707 | J76: =IFERROR('🥟 스낵·면·만두'!E242-'🥟 스낵·면·만두'!H242,"") -> 3085.5147 | K76: ='🥟 스낵·면·만두'!J242 -> 🔴 과다
B77: 41 | C77: 퍼코다 | D77: 🥟 스낵·면·만두 | E77: ='🥟 스낵·면·만두'!E263 -> 9000 | F77: ='🥟 스낵·면·만두'!F263 -> 1218.3333 | G77: ='🥟 스낵·면·만두'!G263 -> 5942.6736 | H77: ='🥟 스낵·면·만두'!H263 -> 4724.3403 | I77: ='🥟 스낵·면·만두'!I263 -> 0.5249267 | J77: =IFERROR('🥟 스낵·면·만두'!E263-'🥟 스낵·면·만두'!H263,"") -> 4275.6597 | K77: ='🥟 스낵·면·만두'!J263 -> 🔴 과다
B78: 🫓 빵류
B79: 77 | C79: 허니난 | D79: 🫓 빵류 | E79: ='🫓 빵류'!E8 -> 4000 | F79: ='🫓 빵류'!F8 -> 238 | G79: ='🫓 빵류'!G8 -> 2641.1883 | H79: ='🫓 빵류'!H8 -> 2403.1883 | I79: ='🫓 빵류'!I8 -> 0.60079707 | J79: =IFERROR('🫓 빵류'!E8-'🫓 빵류'!H8,"") -> 1596.8117 | K79: ='🫓 빵류'!J8 -> 🔴 과다
B80: 78 | C80: 치즈난 | D80: 🫓 빵류 | E80: ='🫓 빵류'!E29 -> 6000 | F80: ='🫓 빵류'!F29 -> 1973.125 | G80: ='🫓 빵류'!G29 -> 3961.7824 | H80: ='🫓 빵류'!H29 -> 1988.6574 | I80: ='🫓 빵류'!I29 -> 0.3314429 | J80: =IFERROR('🫓 빵류'!E29-'🫓 빵류'!H29,"") -> 4011.3426 | K80: ='🫓 빵류'!J29 -> 🔴 과다
B81: 80 | C81: 플레인난 | D81: 🫓 빵류 | E81: ='🫓 빵류'!E50 -> 3000 | F81: ='🫓 빵류'!F50 -> 182.22436 | G81: ='🫓 빵류'!G50 -> 1980.8912 | H81: ='🫓 빵류'!H50 -> 1798.6668 | I81: ='🫓 빵류'!I50 -> 0.59955561 | J81: =IFERROR('🫓 빵류'!E50-'🫓 빵류'!H50,"") -> 1201.3332 | K81: ='🫓 빵류'!J50 -> 🔴 과다
B82: 81 | C82: 갈릭 난 | D82: 🫓 빵류 | E82: ='🫓 빵류'!E71 -> 3500 | F82: ='🫓 빵류'!F71 -> 439.72436 | G82: ='🫓 빵류'!G71 -> 2311.0397 | H82: ='🫓 빵류'!H71 -> 1871.3154 | I82: ='🫓 빵류'!I71 -> 0.53466153 | J82: =IFERROR('🫓 빵류'!E71-'🫓 빵류'!H71,"") -> 1628.6846 | K82: ='🫓 빵류'!J71 -> 🔴 과다
B83: 82 | C83: 버터 난 | D83: 🫓 빵류 | E83: ='🫓 빵류'!E92 -> 3500 | F83: ='🫓 빵류'!F92 -> 530.97436 | G83: ='🫓 빵류'!G92 -> 2311.0397 | H83: ='🫓 빵류'!H92 -> 1780.0654 | I83: ='🫓 빵류'!I92 -> 0.50859011 | J83: =IFERROR('🫓 빵류'!E92-'🫓 빵류'!H92,"") -> 1719.9346 | K83: ='🫓 빵류'!J92 -> 🔴 과다
B84: 88 | C84: 알루 파라타 | D84: 🫓 빵류 | E84: ='🫓 빵류'!E113 -> 5500 | F84: ='🫓 빵류'!F113 -> 870.91667 | G84: ='🫓 빵류'!G113 -> 3631.6339 | H84: ='🫓 빵류'!H113 -> 2760.7172 | I84: ='🫓 빵류'!I113 -> 0.50194858 | J84: =IFERROR('🫓 빵류'!E113-'🫓 빵류'!H113,"") -> 2739.2828 | K84: ='🫓 빵류'!J113 -> 🔴 과다
B85: 89 | C85: 굴자빵 | D85: 🫓 빵류 | E85: ='🫓 빵류'!E134 -> 5500 | F85: ='🫓 빵류'!F134 -> 733.73904 | G85: ='🫓 빵류'!G134 -> 3631.6339 | H85: ='🫓 빵류'!H134 -> 2897.8948 | I85: ='🫓 빵류'!I134 -> 0.52688997 | J85: =IFERROR('🫓 빵류'!E134-'🫓 빵류'!H134,"") -> 2602.1052 | K85: ='🫓 빵류'!J134 -> 🔴 과다
B86: 🍚 밥·스프·샐러드
B87: 54 | C87: 치킨 스프 | D87: 🍚 밥·스프·샐러드 | E87: ='🍚 밥·스프·샐러드'!E8 -> 5000 | F87: ='🍚 밥·스프·샐러드'!F8 -> 25.5 | G87: ='🍚 밥·스프·샐러드'!G8 -> 3301.4853 | H87: ='🍚 밥·스프·샐러드'!H8 -> 3275.9853 | I87: ='🍚 밥·스프·샐러드'!I8 -> 0.65519707 | J87: =IFERROR('🍚 밥·스프·샐러드'!E8-'🍚 밥·스프·샐러드'!H8,"") -> 1724.0147 | K87: ='🍚 밥·스프·샐러드'!J8 -> 🔴 과다
B88: 55 | C88: 머쉬룸 스프 | D88: 🍚 밥·스프·샐러드 | E88: ='🍚 밥·스프·샐러드'!E29 -> 5000 | F88: ='🍚 밥·스프·샐러드'!F29 -> 174 | G88: ='🍚 밥·스프·샐러드'!G29 -> 3301.4853 | H88: ='🍚 밥·스프·샐러드'!H29 -> 3127.4853 | I88: ='🍚 밥·스프·샐러드'!I29 -> 0.62549707 | J88: =IFERROR('🍚 밥·스프·샐러드'!E29-'🍚 밥·스프·샐러드'!H29,"") -> 1872.5147 | K88: ='🍚 밥·스프·샐러드'!J29 -> 🔴 과다
B89: 56 | C89: 핫&사워 스프 | D89: 🍚 밥·스프·샐러드 | E89: ='🍚 밥·스프·샐러드'!E50 -> 5000 | F89: ='🍚 밥·스프·샐러드'!F50 -> 251.75214 | G89: ='🍚 밥·스프·샐러드'!G50 -> 3301.4853 | H89: ='🍚 밥·스프·샐러드'!H50 -> 3049.7332 | I89: ='🍚 밥·스프·샐러드'!I50 -> 0.60994664 | J89: =IFERROR('🍚 밥·스프·샐러드'!E50-'🍚 밥·스프·샐러드'!H50,"") -> 1950.2668 | K89: ='🍚 밥·스프·샐러드'!J50 -> 🔴 과다
B90: 57 | C90: 탄두리 티카 샐러드 | D90: 🍚 밥·스프·샐러드 | E90: ='🍚 밥·스프·샐러드'!E71 -> 19000 | F90: ='🍚 밥·스프·샐러드'!F71 -> 1112.6399 | G90: ='🍚 밥·스프·샐러드'!G71 -> 12545.644 | H90: ='🍚 밥·스프·샐러드'!H71 -> 11433.004 | I90: ='🍚 밥·스프·샐러드'!I71 -> 0.60173707 | J90: =IFERROR('🍚 밥·스프·샐러드'!E71-'🍚 밥·스프·샐러드'!H71,"") -> 7566.9956 | K90: ='🍚 밥·스프·샐러드'!J71 -> 🔴 과다
B91: 58 | C91: 그린 샐러드 | D91: 🍚 밥·스프·샐러드 | E91: ='🍚 밥·스프·샐러드'!E95 -> 8000 | F91: ='🍚 밥·스프·샐러드'!F95 -> 1118.3333 | G91: ='🍚 밥·스프·샐러드'!G95 -> 5282.3765 | H91: ='🍚 밥·스프·샐러드'!H95 -> 4164.0432 | I91: ='🍚 밥·스프·샐러드'!I95 -> 0.5205054 | J91: =IFERROR('🍚 밥·스프·샐러드'!E95-'🍚 밥·스프·샐러드'!H95,"") -> 3835.9568 | K91: ='🍚 밥·스프·샐러드'!J95 -> 🔴 과다
B92: 57 | C92: 탄두리 샐러드 | D92: 🍚 밥·스프·샐러드 | E92: ='🍚 밥·스프·샐러드'!E116 -> 10000 | F92: ='🍚 밥·스프·샐러드'!F116 -> 0 | G92: ='🍚 밥·스프·샐러드'!G116 -> 6602.9707 | H92: ='🍚 밥·스프·샐러드'!H116 -> 6602.9707 | I92: ='🍚 밥·스프·샐러드'!I116 -> 0.66029707 | J92: =IFERROR('🍚 밥·스프·샐러드'!E116-'🍚 밥·스프·샐러드'!H116,"") -> 3397.0293 | K92: ='🍚 밥·스프·샐러드'!J116 -> 🔴 과다
B93: 🍮 디저트
B94: 59 | C94: 라스굴라 | D94: 🍮 디저트 | E94: ='🍮 디저트'!E8 -> 2000 | F94: ='🍮 디저트'!F8 -> 275 | G94: ='🍮 디저트'!G8 -> 1320.5941 | H94: ='🍮 디저트'!H8 -> 1045.5941 | I94: ='🍮 디저트'!I8 -> 0.52279707 | J94: =IFERROR('🍮 디저트'!E8-'🍮 디저트'!H8,"") -> 954.40587 | K94: ='🍮 디저트'!J8 -> 🔴 과다
B95: 60 | C95: 굴랍자문 | D95: 🍮 디저트 | E95: ='🍮 디저트'!E29 -> 2000 | F95: ='🍮 디저트'!F29 -> 260 | G95: ='🍮 디저트'!G29 -> 1320.5941 | H95: ='🍮 디저트'!H29 -> 1060.5941 | I95: ='🍮 디저트'!I29 -> 0.53029707 | J95: =IFERROR('🍮 디저트'!E29-'🍮 디저트'!H29,"") -> 939.40587 | K95: ='🍮 디저트'!J29 -> 🔴 과다
B96: 61 | C96: 더히 | D96: 🍮 디저트 | E96: ='🍮 디저트'!E50 -> 6000 | F96: ='🍮 디저트'!F50 -> 0 | G96: ='🍮 디저트'!G50 -> 3961.7824 | H96: ='🍮 디저트'!H50 -> 3961.7824 | I96: ='🍮 디저트'!I50 -> 0.66029707 | J96: =IFERROR('🍮 디저트'!E50-'🍮 디저트'!H50,"") -> 2038.2176 | K96: ='🍮 디저트'!J50 -> 🔴 과다
B97: 🥤 음료
B98: 65 | C98: 플레인 라씨 | D98: 🥤 음료 | E98: ='🥤 음료'!E8 -> 3500 | F98: ='🥤 음료'!F8 -> 27.666667 | G98: ='🥤 음료'!G8 -> 2311.0397 | H98: ='🥤 음료'!H8 -> 2283.3731 | I98: ='🥤 음료'!I8 -> 0.6523923 | J98: =IFERROR('🥤 음료'!E8-'🥤 음료'!H8,"") -> 1216.6269 | K98: ='🥤 음료'!J8 -> 🔴 과다
B99: 66 | C99: 딸기 라씨 | D99: 🥤 음료 | E99: ='🥤 음료'!E29 -> 4000 | F99: ='🥤 음료'!F29 -> 26.666667 | G99: ='🥤 음료'!G29 -> 2641.1883 | H99: ='🥤 음료'!H29 -> 2614.5216 | I99: ='🥤 음료'!I29 -> 0.6536304 | J99: =IFERROR('🥤 음료'!E29-'🥤 음료'!H29,"") -> 1385.4784 | K99: ='🥤 음료'!J29 -> 🔴 과다
B100: 67 | C100: 바나나 라씨 | D100: 🥤 음료 | E100: ='🥤 음료'!E50 -> 4000 | F100: ='🥤 음료'!F50 -> 0 | G100: ='🥤 음료'!G50 -> 2641.1883 | H100: ='🥤 음료'!H50 -> 2641.1883 | I100: ='🥤 음료'!I50 -> 0.66029707 | J100: =IFERROR('🥤 음료'!E50-'🥤 음료'!H50,"") -> 1358.8117 | K100: ='🥤 음료'!J50 -> 🔴 과다
B101: 68 | C101: 망고 라씨 | D101: 🥤 음료 | E101: ='🥤 음료'!E71 -> 4000 | F101: ='🥤 음료'!F71 -> 26.666667 | G101: ='🥤 음료'!G71 -> 2641.1883 | H101: ='🥤 음료'!H71 -> 2614.5216 | I101: ='🥤 음료'!I71 -> 0.6536304 | J101: =IFERROR('🥤 음료'!E71-'🥤 음료'!H71,"") -> 1385.4784 | K101: ='🥤 음료'!J71 -> 🔴 과다
B102: 69 | C102: 네팔찌야 | D102: 🥤 음료 | E102: ='🥤 음료'!E92 -> 4000 | F102: ='🥤 음료'!F92 -> 212.05556 | G102: ='🥤 음료'!G92 -> 2641.1883 | H102: ='🥤 음료'!H92 -> 2853.2438 | I102: ='🥤 음료'!I92 -> 0.71331095 | J102: =IFERROR('🥤 음료'!E92-'🥤 음료'!H92,"") -> 1146.7562 | K102: ='🥤 음료'!J92 -> 🔴 과다
B103: 70 | C103: 마살라 찌야 | D103: 🥤 음료 | E103: ='🥤 음료'!E113 -> 4000 | F103: ='🥤 음료'!F113 -> 292.05556 | G103: ='🥤 음료'!G113 -> 2641.1883 | H103: ='🥤 음료'!H113 -> 2349.1327 | I103: ='🥤 음료'!I113 -> 0.58728318 | J103: =IFERROR('🥤 음료'!E113-'🥤 음료'!H113,"") -> 1650.8673 | K103: ='🥤 음료'!J113 -> 🔴 과다
B104: 71 | C104: 오렌지 에이드 | D104: 🥤 음료 | E104: ='🥤 음료'!E134 -> 6000 | F104: ='🥤 음료'!F134 -> 0 | G104: ='🥤 음료'!G134 -> 3961.7824 | H104: ='🥤 음료'!H134 -> 3961.7824 | I104: ='🥤 음료'!I134 -> 0.66029707 | J104: =IFERROR('🥤 음료'!E134-'🥤 음료'!H134,"") -> 2038.2176 | K104: ='🥤 음료'!J134 -> 🔴 과다
B105: 72 | C105: 청포도 에이드 | D105: 🥤 음료 | E105: ='🥤 음료'!E155 -> 6000 | F105: ='🥤 음료'!F155 -> 0 | G105: ='🥤 음료'!G155 -> 3961.7824 | H105: ='🥤 음료'!H155 -> 3961.7824 | I105: ='🥤 음료'!I155 -> 0.66029707 | J105: =IFERROR('🥤 음료'!E155-'🥤 음료'!H155,"") -> 2038.2176 | K105: ='🥤 음료'!J155 -> 🔴 과다
B106: 71 | C106: 오렌지쥬스 | D106: 🥤 음료 | E106: ='🥤 음료'!E176 -> 3000 | F106: ='🥤 음료'!F176 -> 0 | G106: ='🥤 음료'!G176 -> 1980.8912 | H106: ='🥤 음료'!H176 -> 1980.8912 | I106: ='🥤 음료'!I176 -> 0.66029707 | J106: =IFERROR('🥤 음료'!E176-'🥤 음료'!H176,"") -> 1019.1088 | K106: ='🥤 음료'!J176 -> 🔴 과다
...

Sheet 🥬 식재료 DB
B2: EVEREST RESTAURANT GROUP · 식재료 단가 데이터베이스
B4: 📌 노란색 셀(구매가격)을 수정하면 g당 단가가 자동 재계산되어 전체 카테고리 시트 및 대시보드에 즉시 반영됩니다.
B6: No. | C6: 식재료명 | D6: 구매가격 (원) | E6: 단위수량 | F6: 단위 | G6: 중량 (g) | H6: g당 단가 (원)
B7: 1 | C7: 중2등급 밀가루 | D7: 15000 | E7: 20 | F7: kg | G7: 20000 | H7: =IF(G7>0,D7/G7,0) -> 0.75
B8: 2 | C8: 고급 밀가루 | D8: 25000 | E8: 20 | F8: kg | G8: 20000 | H8: =IF(G8>0,D8/G8,0) -> 1.25
B9: 3 | C9: 국내산쌀 | D9: 62000 | E9: 20 | F9: kg | G9: 20000 | H9: =IF(G9>0,D9/G9,0) -> 3.1
B10: 4 | C10: 양파 | D10: 14000 | E10: 15 | F10: kg | G10: 15000 | H10: =IF(G10>0,D10/G10,0) -> 0.93333333
B11: 5 | C11: 감자 | D11: 35000 | E11: 20 | F11: kg | G11: 20000 | H11: =IF(G11>0,D11/G11,0) -> 1.75
B12: 6 | C12: 주름감자(프렌치프라이) | D12: 8300 | E12: 2 | F12: kg | G12: 2000 | H12: =IF(G12>0,D12/G12,0) -> 4.15
B13: 7 | C13: 통생강 | D13: 10000 | E13: 1 | F13: kg | G13: 1000 | H13: =IF(G13>0,D13/G13,0) -> 10
B14: 8 | C14: 통마늘 | D14: 9000 | E14: 1 | F14: kg | G14: 1000 | H14: =IF(G14>0,D14/G14,0) -> 9
B15: 9 | C15: 고운 고추가루 | D15: 14000 | E15: 1 | F15: kg | G15: 1000 | H15: =IF(G15>0,D15/G15,0) -> 14
B16: 10 | C16: 베트남(고추가루) | D16: 18000 | E16: 1 | F16: kg | G16: 1000 | H16: =IF(G16>0,D16/G16,0) -> 18
B17: 11 | C17: 베트남(건고추) | D17: 17000 | E17: 1 | F17: kg | G17: 1000 | H17: =IF(G17>0,D17/G17,0) -> 17
B18: 12 | C18: 통계피 | D18: 5000 | E18: 0.5 | F18: kg | G18: 500 | H18: =IF(G18>0,D18/G18,0) -> 10
... B125: 119 | C125: 마요네즈 소스 | D125: 14000 | E125: 3.2 | F125: kg | G125: 3200 | H125: =IF(G125>0,D125/G125,0) -> 4.375

Sheet 💰 고정비용 DB
B2: EVEREST RESTAURANT GROUP · 고정비용 데이터베이스
B4: 📌 노란색 셀(금액)을 수정하면 모든 카테고리 시트의 고정비용 배분이 자동 재계산됩니다.
B5: 📌 배분 방식: 메뉴별 고정비용 = 해당 메뉴 판매가 × 월 총고정비용 ÷ 월 추정 매출 (판매가 비례 배분)
B7: 📋 2025년 월간 고정비용 내역
B8: No. | C8: 비용 항목 | D8: 월간 금액 (원) | E8: 내용 / 비고
B9: 1 | C9: 급여 | D9: 12000000 | E9: 임금
B10: 2 | C10: 세금·지방세 | D10: 205800 | E10: 세금신고 + 지방세
B11: 3 | C11: 4대 보험료 | D11: 2336970 | E11: 사업장 4대 보험 (사용자 부담분)
B12: 4 | C12: 유틸리티 | D12: 783420 | E12: 수도·전기·가스
B13: 5 | C13: 부가가치세 | D13: 8800000 | E13: 배달의민족·쿠팡이츠 등
B14: 6 | C14: 포장 용품비 | D14: 50000 | E14: 포장재료비
B15: 7 | C15: 임대 및 광고비 | D15: 3894139 | E15: 임대료, 인터넷 마케팅, 대리운전 광고 등
B16: 8 | C16: 외상 매입금-식재료비 | D16: 17000000 | E16: 식재료비
B17: 9 | C17: 주류대금 | D17: 204000 | E17: 주류구입
B18: 10 | C18: 세무·장부 수수료 | D18: 391270 | E18: 세무신고 + 증빙 수수료
B19: 11 | C19: 기타 관리비 | D19: 703730 | E19: 잡비 기타
B20: 12 | C20: 통신비 | D20: 48950 | E20: KT 등 통신
B21: 13 | C21: 식재료 공급 계약비 | D21: 256800 | E21: 식재료 공급업체 계약 비용
B22: 합 계 | D22: =SUM(D9:D21) -> 46675079
B24: ⚙️ 배분 기준 설정 (전체 카테고리 시트 연동)
C25: 월 추정 매출 (원) | D25: 70688000 | E25: 배달 포함 월 총매출 추정 — 🟡 노란 셀 수정 가능
C26: 총 고정비용 비율 | D26: =D22/D25 -> 0.66029707
C27: 메뉴당 배분 산식 | D27: 판매가 × D22 ÷ D25 (카테고리 시트에서 자동 산출) | E27: 각 메뉴 시트에서 판매가 × 총고정비 ÷ 월매출로 자동 산출됨

Sheet 🍗 닭고기 커리
B2: EVEREST RESTAURANT GROUP · 🍗 닭고기 커리 원가 계산표
B4: 📌 녹색=자동계산 노란색=입력값 | 식재료 DB/고정비용 DB 수정 시 자동 갱신됩니다.
B5: 📌 ▣ 색상 헤더 행: E=판매가 F=식재료원가 G=고정비용배분 H=총원가 I=총원가율 J=판정
B7: No. | C7: 식재료명 | D7: 구분 | E7: 사용량(g) | F7: 수율(%) | G7: g당 단가(원) | H7: 재료 원가(원) | I7: 비고
C8: 🍽 치킨머커니 | E8: 13000 | F8: =IFERROR(SUM(H10,H11,H12,H13,H14,H15,H16,H17,H18,H19,H20,H21,H23,H24,H25,H26,H27),0) -> 1734.247 | G8: =IFERROR(E8*'💰 고정비용 DB'!$D$22/'💰 고정비용 DB'!$D$25,0) -> 8583.8619 | H8: =IFERROR(G8-F8,"") -> 6849.6149 | I8: =IFERROR(H8/E8,"") -> 0.52689345 | J8: =IF(I8="","⬜ 미입력",IF(I8<=0.2,"✅ 양호",IF(I8<=0.32,"🟡 주의","🔴 과다"))) -> 🔴 과다
B9: ▸ 메인 식재료
B10: 1 | C10: 가슴 대한 | D10: 메인 | E10: 100 | F10: 1 | G10: =IFERROR(VLOOKUP(C10,'🥬 식재료 DB'!$C$7:$H$121,6,0),"") -> 4.4 | H10: =IFERROR(IF(AND(C10<>"",ISNUMBER(E10),ISNUMBER(F10),F10>0,ISNUMBER(G10)),E10/F10*G10,""),"") -> 440
B11: 2 | C11: 체리알 | D11: 메인 | E11: 5 | F11: 1 | G11: =IFERROR(VLOOKUP(C11,'🥬 식재료 DB'!$C$7:$H$121,6,0),"") -> 12 | H11: =IFERROR(IF(AND(C11<>"",ISNUMBER(E11),ISNUMBER(F11),F11>0,ISNUMBER(G11)),E11/F11*G11,""),"") -> 60
B12: 3 | C12: 고수 | D12: 메인 | E12: 5 | F12: 1 | G12: =IFERROR(VLOOKUP(C12,'🥬 식재료 DB'!$C$7:$H$121,6,0),"") -> 18 | H12: =IFERROR(IF(AND(C12<>"",ISNUMBER(E12),ISNUMBER(F12),F12>0,ISNUMBER(G12)),E12/F12*G12,""),"") -> 90
B13: 4 | C13: 설탕 | D13: 메인 | E13: 30 | F13: 1 | G13: =IFERROR(VLOOKUP(C13,'🥬 식재료 DB'!$C$7:$H$121,6,0),"") -> 1.3333333 | H13: =IFERROR(IF(AND(C13<>"",ISNUMBER(E13),ISNUMBER(F13),F13>0,ISNUMBER(G13)),E13/F13*G13,""),"") -> 40
B14: 5 | C14: 통생강 | D14: 메인 | E14: 2 | F14: 0.9 | G14: =IFERROR(VLOOKUP(C14,'🥬 식재료 DB'!$C$7:$H$121,6,0),"") -> 10 | H14: =IFERROR(IF(AND(C14<>"",ISNUMBER(E14),ISNUMBER(F14),F14>0,ISNUMBER(G14)),E14/F14*G14,""),"") -> 22.222222
B15: 6 | C15: 토마토홀 | D15: 메인 | E15: 15 | F15: 1 | G15: =IFERROR(VLOOKUP(C15,'🥬 식재료 DB'!$C$7:$H$121,6,0),"") -> 2.4 | H15: =IFERROR(IF(AND(C15<>"",ISNUMBER(E15),ISNUMBER(F15),F15>0,ISNUMBER(G15)),E15/F15*G15,""),"") -> 36
B16: 7 | C16: 꽃소금 | D16: 메인 | E16: 5 | F16: 1 | G16: =IFERROR(VLOOKUP(C16,'🥬 식재료 DB'!$C$7:$H$121,6,0),"") -> 1 | H16: =IFERROR(IF(AND(C16<>"",ISNUMBER(E16),ISNUMBER(F16),F16>0,ISNUMBER(G16)),E16/F16*G16,""),"") -> 5
B17: 8 | C17: 데어리쿠킹크림 | D17: 메인 | E17: 30 | F17: 1 | G17: =IFERROR(VLOOKUP(C17,'🥬 식재료 DB'!$C$7:$H$121,6,0),"") -> 4.25 | H17: =IFERROR(IF(AND(C17<>"",ISNUMBER(E17),ISNUMBER(F17),F17>0,ISNUMBER(G17)),E17/F17*G17,""),"") -> 127.5
B18: 9 | D18: 메인 | G18: =IFERROR(VLOOKUP(C18,'🥬 식재료 DB'!$C$7:$H$121,6,0),"") | H18: =IFERROR(IF(AND(C18<>"",ISNUMBER(E18),ISNUMBER(F18),F18>0,ISNUMBER(G18)),E18/F18*G18,""),"")
B19: 10 | D19: 메인 | G19: =IFERROR(VLOOKUP(C19,'🥬 식재료 DB'!$C$7:$H$121,6,0),"") | H19: =IFERROR(IF(AND(C19<>"",ISNUMBER(E19),ISNUMBER(F19),F19>0,ISNUMBER(G19)),E19/F19*G19,""),"")
B20: 11 | D20: 메인 | G20: =IFERROR(VLOOKUP(C20,'🥬 식재료 DB'!$C$7:$H$121,6,0),"") | H20: =IFERROR(IF(AND(C20<>"",ISNUMBER(E20),ISNUMBER(F20),F20>0,ISNUMBER(G20)),E20/F20*G20,""),"")
B21: 12 | D21: 메인 | G21: =IFERROR(VLOOKUP(C21,'🥬 식재료 DB'!$C$7:$H$121,6,0),"") | H21: =IFERROR(IF(AND(C21<>"",ISNUMBER(E21),ISNUMBER(F21),F21>0,ISNUMBER(G21)),E21/F21*G21,""),"")
B22: ▸ 프렙 재료 (반제품)
B23: 13 | C23: 커리 그레이비 소스 | D23: 프렙 | E23: 200 | F23: 1 | G23: =IFERROR(VLOOKUP(C23,'🧪 프렙 원가표'!$C$8:$D$18,2,0),IFERROR(VLOOKUP(C23,'🥬 식재료 DB'!$C$7:$H$121,6,0),"")) -> 2.9176238 | H23: =IFERROR(IF(AND(C23<>"",ISNUMBER(E23),ISNUMBER(F23),F23>0,ISNUMBER(G23)),E23/F23*G23,""),"") -> 583.52475
B24: 14 | C24: 치즈 | D24: 프렙 | E24: 30 | F24: 1 | G24: =IFERROR(VLOOKUP(C24,'🧪 프렙 원가표'!$C$8:$D$18,2,0),IFERROR(VLOOKUP(C24,'🥬 식재료 DB'!$C$7:$H$121,6,0),"")) -> 11 | H24: =IFERROR(IF(AND(C24<>"",ISNUMBER(E24),ISNUMBER(F24),F24>0,ISNUMBER(G24)),E24/F24*G24,""),"") -> 330
B25: 15 | D25: 프렙 | G25: =IFERROR(VLOOKUP(C25,'🧪 프렙 원가표'!$C$8:$D$18,2,0),IFERROR(VLOOKUP(C25,'🥬 식재료 DB'!$C$7:$H$121,6,0),"")) | H25: =IFERROR(IF(AND(C25<>"",ISNUMBER(E25),ISNUMBER(F25),F25>0,ISNUMBER(G25)),E25/F25*G25,""),"")
B26: 16 | D26: 프렙 | G26: =IFERROR(VLOOKUP(C26,'🧪 프렙 원가표'!$C$8:$D$18,2,0),IFERROR(VLOOKUP(C26,'🥬 식재료 DB'!$C$7:$H$121,6,0),"")) | H26: =IFERROR(IF(AND(C26<>"",ISNUMBER(E26),ISNUMBER(F26),F26>0,ISNUMBER(G26)),E26/F26*G26,""),"")
B27: 17 | D27: 프렙 | G27: =IFERROR(VLOOKUP(C27,'🧪 프렙 원가표'!$C$8:$D$18,2,0),IFERROR(VLOOKUP(C27,'🥬 식재료 DB'!$C$7:$H$121,6,0),"")) | H27: =IFERROR(IF(AND(C27<>"",ISNUMBER(E27),ISNUMBER(F27),F27>0,ISNUMBER(G27)),E27/F27*G27,""),"")
C29: 🍽 치킨 커리 | E29: 12000 | F29: =IFERROR(SUM(H31,H32,H33,H34,H35,H36,H37,H38,H39,H40,H41,H42,H44,H45,H46,H47,H48),0) -> 1558.0248 | G29: =IFERROR(E29*'💰 고정비용 DB'!$D$22/'💰 고정비용 DB'!$D$25,0) -> 7923.5648 | H29: =IFERROR(G29-F29,"") -> 6365.54 | I29: =IFERROR(H29/E29,"") -> 0.53046167 | J29: =IF(I29="","⬜ 미입력",IF(I29<=0.2,"✅ 양호",IF(I29<=0.32,"🟡 주의","🔴 과다"))) -> 🔴 과다
B30: ▸ 메인 식재료
B31: 1 | C31: 가슴 대한 | D31: 메인 | E31: 100 | F31: 1 | G31: =IFERROR(VLOOKUP(C31,'🥬 식재료 DB'!$C$7:$H$121,6,0),"") -> 4.4 | H31: =IFERROR(IF(AND(C31<>"",ISNUMBER(E31),ISNUMBER(F31),F31>0,ISNUMBER(G31)),E31/F31*G31,""),"") -> 440
B32: 2 | C32: 고수 | D32: 메인 | E32: 2 | F32: 1 | G32: =IFERROR(VLOOKUP(C32,'🥬 식재료 DB'!$C$7:$H$121,6,0),"") -> 18 | H32: =IFERROR(IF(AND(C32<>"",ISNUMBER(E32),ISNUMBER(F32),F32>0,ISNUMBER(G32)),E32/F32*G32,""),"") -> 36
B33: 3 | C33: 토마토홀 | D33: 메인 | E33: 15 | F33: 1 | G33: =IFERROR(VLOOKUP(C33,'🥬 식재료 DB'!$C$7:$H$121,6,0),"") -> 2.4 | H33: =IFERROR(IF(AND(C33<>"",ISNUMBER(E33),ISNUMBER(F33),F33>0,ISNUMBER(G33)),E33/F33*G33,""),"") -> 36
B34: 4 | C34: 꽃소금 | D34: 메인 | E34: 5 | F34: 1 | G34: =IFERROR(VLOOKUP(C34,'🥬 식재료 DB'!$C$7:$H$121,6,0),"") -> 1 | H34: =IFERROR(IF(AND(C34<>"",ISNUMBER(E34),ISNUMBER(F34),F34>0,ISNUMBER(G34)),E34/F34*G34,""),"") -> 5
B35: 5 | C35: 데어리쿠킹크림 | D35: 메인 | E35: 30 | F35: 1 | G35: =IFERROR(VLOOKUP(C35,'🥬 식재료 DB'!$C$7:$H$121,6,0),"") -> 4.25 | H35: =IFERROR(IF(AND(C35<>"",ISNUMBER(E35),ISNUMBER(F35),F35>0,ISNUMBER(G35)),E35/F35*G35,""),"") -> 127.5
B36: 6 | D36: 메인 | G36: =IFERROR(VLOOKUP(C36,'🥬 식재료 DB'!$C$7:$H$121,6,0),"") | H36: =IFERROR(IF(AND(C36<>"",ISNUMBER(E36),ISNUMBER(F36),F36>0,ISNUMBER(G36)),E36/F36*G36,""),"")
B37: 7 | D37: 메인 | G37: =IFERROR(VLOOKUP(C37,'🥬 식재료 DB'!$C$7:$H$121,6,0),"") | H37: =IFERROR(IF(AND(C37<>"",ISNUMBER(E37),ISNUMBER(F37),F37>0,ISNUMBER(G37)),E37/F37*G37,""),"")
B38: 8 | D38: 메인 | G38: =IFERROR(VLOOKUP(C38,'🥬 식재료 DB'!$C$7:$H$121,6,0),"") | H38: =IFERROR(IF(AND(C38<>"",ISNUMBER(E38),ISNUMBER(F38),F38>0,ISNUMBER(G38)),E38/F38*G38,""),"")
B39: 9 | D39: 메인 | G39: =IFERROR(VLOOKUP(C39,'🥬 식재료 DB'!$C$7:$H$121,6,0),"") | H39: =IFERROR(IF(AND(C39<>"",ISNUMBER(E39),ISNUMBER(F39),F39>0,ISNUMBER(G39)),E39/F39*G39,""),"")
B40: 10 | D40: 메인 | G40: =IFERROR(VLOOKUP(C40,'🥬 식재료 DB'!$C$7:$H$121,6,0),"") | H40: =IFERROR(IF(AND(C40<>"",ISNUMBER(E40),ISNUMBER(F40),F40>0,ISNUMBER(G40)),E40/F40*G40,""),"")
B41: 11 | D41: 메인 | G41: =IFERROR(VLOOKUP(C41,'🥬 식재료 DB'!$C$7:$H$121,6,0),"") | H41: =IFERROR(IF(AND(C41<>"",ISNUMBER(E41),ISNUMBER(F41),F41>0,ISNUMBER(G41)),E41/F41*G41,""),"")
B42: 12 | D42: 메인 | G42: =IFERROR(VLOOKUP(C42,'🥬 식재료 DB'!$C$7:$H$121,6,0),"") | H42: =IFERROR(IF(AND(C42<>"",ISNUMBER(E42),ISNUMBER(F42),F42>0,ISNUMBER(G42)),E42/F42*G42,""),"")
B43: ▸ 프렙 재료 (반제품)
B44: 13 | C44: 커리 그레이비 소스 | D44: 프렙 | E44: 200 | F44: 1 | G44: =IFERROR(VLOOKUP(C44,'🧪 프렙 원가표'!$C$8:$D$18,2,0),IFERROR(VLOOKUP(C44,'🥬 식재료 DB'!$C$7:$H$121,6,0),"")) -> 2.9176238 | H44: =IFERROR(IF(AND(C44<>"",ISNUMBER(E44),ISNUMBER(F44),F44>0,ISNUMBER(G44)),E44/F44*G44,""),"") -> 583.52475
B45: 14 | C45: 치즈 | D45: 프렙 | E45: 30 | F45: 1 | G45: =IFERROR(VLOOKUP(C45,'🧪 프렙 원가표'!$C$8:$D$18,2,0),IFERROR(VLOOKUP(C45,'🥬 식재료 DB'!$C$7:$H$121,6,0),"")) -> 11 | H45: =IFERROR(IF(AND(C45<>"",ISNUMBER(E45),ISNUMBER(F45),F45>0,ISNUMBER(G45)),E45/F45*G45,""),"") -> 330
B46: 15 | D46: 프렙 | G46: =IFERROR(VLOOKUP(C46,'🧪 프렙 원가표'!$C$8:$D$18,2,0),IFERROR(VLOOKUP(C46,'🥬 식재료 DB'!$C$7:$H$121,6,0),"")) | H46: =IFERROR(IF(AND(C46<>"",ISNUMBER(E46),ISNUMBER(F46),F46>0,ISNUMBER(G46)),E46/F46*G46,""),"")
B47: 16 | D47: 프렙 | G47: =IFERROR(VLOOKUP(C47,'🧪 프렙 원가표'!$C$8:$D$18,2,0),IFERROR(VLOOKUP(C47,'🥬 식재료 DB'!$C$7:$H$121,6,0),"")) | H47: =IFERROR(IF(AND(C47<>"",ISNUMBER(E47),ISNUMBER(F47),F47>0,ISNUMBER(G47)),E47/F47*G47,""),"")
B48: 17 | D48: 프렙 | G48: =IFERROR(VLOOKUP(C48,'🧪 프렙 원가표'!$C$8:$D$18,2,0),IFERROR(VLOOKUP(C48,'🥬 식재료 DB'!$C$7:$H$121,6,0),"")) | H48: =IFERROR(IF(AND(C48<>"",ISNUMBER(E48),ISNUMBER(F48),F48>0,ISNUMBER(G48)),E48/F48*G48,""),"")
C50: 🍽 치킨 마살라 | E50: 12000 | F50: =IFERROR(SUM(H52,H53,H54,H55,H56,H57,H58,H59,H60,H61,H62,H63,H65,H66,H67,H68,H69),0) -> 1859.4382 | G50: =IFERROR(E50*'💰 고정비용 DB'!$D$22/'💰 고정비용 DB'!$D$25,0) -> 7923.5648 | H50: =IFERROR(G50-F50,"") -> 6064.1266 | I50: =IFERROR(H50/E50,"") -> 0.50534388 | J50: =IF(I50="","⬜ 미입력",IF(I50<=0.2,"✅ 양호",IF(I50<=0.32,"🟡 주의","🔴 과다"))) -> 🔴 과다
B51: ▸ 메인 식재료
B52: 1 | C52: 가슴 대한 | D52: 메인 | E52: 100 | F52: 1 | G52: =IFERROR(VLOOKUP(C52,'🥬 식재료 DB'!$C$7:$H$121,6,0),"") -> 4.4 | H52: =IFERROR(IF(AND(C52<>"",ISNUMBER(E52),ISNUMBER(F52),F52>0,ISNUMBER(G52)),E52/F52*G52,""),"") -> 440
B53: 2 | C53: 계란 | D53: 메인 | E53: 50 | F53: 1 | G53: =IFERROR(VLOOKUP(C53,'🥬 식재료 DB'!$C$7:$H$121,6,0),"") -> 3.2307692 | H53: =IFERROR(IF(AND(C53<>"",ISNUMBER(E53),ISNUMBER(F53),F53>0,ISNUMBER(G53)),E53/F53*G53,""),"") -> 161.53846
B54: 3 | C54: 토마토 | D54: 메인 | E54: 15 | F54: 1 | G54: =IFERROR(VLOOKUP(C54,'🥬 식재료 DB'!$C$7:$H$121,6,0),"") -> 6 | H54: =IFERROR(IF(AND(C54<>"",ISNUMBER(E54),ISNUMBER(F54),F54>0,ISNUMBER(G54)),E54/F54*G54,""),"") -> 90
B55: 4 | C55: 청양고추 | D55: 메인 | E55: 15 | F55: 1 | G55: =IFERROR(VLOOKUP(C55,'🥬 식재료 DB'!$C$7:$H$121,6,0),"") -> 14 | H55: =IFERROR(IF(AND(C55<>"",ISNUMBER(E55),ISNUMBER(F55),F55>0,ISNUMBER(G55)),E55/F55*G55,""),"") -> 210
B56: 5 | C56: 꽃소금 | D56: 메인 | E56: 5 | F56: 1 | G56: =IFERROR(VLOOKUP(C56,'🥬 식재료 DB'!$C$7:$H$121,6,0),"") -> 1 | H56: =IFERROR(IF(AND(C56<>"",ISNUMBER(E56),ISNUMBER(F56),F56>0,ISNUMBER(G56)),E56/F56*G56,""),"") -> 5
B57: 6 | C57: 완두콩 | D57: 메인 | E57: 15 | F57: 1 | G57: =IFERROR(VLOOKUP(C57,'🥬 식재료 DB'!$C$7:$H$121,6,0),"") -> 2.625 | H57: =IFERROR(IF(AND(C57<>"",ISNUMBER(E57),ISNUMBER(F57),F57>0,ISNUMBER(G57)),E57/F57*G57,""),"") -> 39.375
B58: 7 | D58: 메인 | G58: =IFERROR(VLOOKUP(C58,'🥬 식재료 DB'!$C$7:$H$121,6,0),"") | H58: =IFERROR(IF(AND(C58<>"",ISNUMBER(E58),ISNUMBER(F58),F58>0,ISNUMBER(G58)),E58/F58*G58,""),"")
B59: 8 | D59: 메인 | G59: =IFERROR(VLOOKUP(C59,'🥬 식재료 DB'!$C$7:$H$121,6,0),"") | H59: =IFERROR(IF(AND(C59<>"",ISNUMBER(E59),ISNUMBER(F59),F59>0,ISNUMBER(G59)),E59/F59*G59,""),"")
B60: 9 | D60: 메인 | G60: =IFERROR(VLOOKUP(C60,'🥬 식재료 DB'!$C$7:$H$121,6,0),"") | H60: =IFERROR(IF(AND(C60<>"",ISNUMBER(E60),ISNUMBER(F60),F60>0,ISNUMBER(G60)),E60/F60*G60,""),"")
B61: 10 | D61: 메인 | G61: =IFERROR(VLOOKUP(C61,'🥬 식재료 DB'!$C$7:$H$121,6,0),"") | H61: =IFERROR(IF(AND(C61<>"",ISNUMBER(E61),ISNUMBER(F61),F61>0,ISNUMBER(G61)),E61/F61*G61,""),"")
B62: 11 | D62: 메인 | G62: =IFERROR(VLOOKUP(C62,'🥬 식재료 DB'!$C$7:$H$121,6,0),"") | H62: =IFERROR(IF(AND(C62<>"",ISNUMBER(E62),ISNUMBER(F62),F62>0,ISNUMBER(G62)),E62/F62*G62,""),"")
B63: 12 | D63: 메인 | G63: =IFERROR(VLOOKUP(C63,'🥬 식재료 DB'!$C$7:$H$121,6,0),"") | H63: =IFERROR(IF(AND(C63<>"",ISNUMBER(E63),ISNUMBER(F63),F63>0,ISNUMBER(G63)),E63/F63*G63,""),"")
B64: ▸ 프렙 재료 (반제품)
B65: 13 | C65: 커리 그레이비 소스 | D65: 프렙 | E65: 200 | F65: 1 | G65: =IFERROR(VLOOKUP(C65,'🧪 프렙 원가표'!$C$8:$D$18,2,0),IFERROR(VLOOKUP(C65,'🥬 식재료 DB'!$C$7:$H$121,6,0),"")) -> 2.9176238 | H65: =IFERROR(IF(AND(C65<>"",ISNUMBER(E65),ISNUMBER(F65),F65>0,ISNUMBER(G65)),E65/F65*G65,""),"") -> 583.52475
B66: 14 | C66: 치즈 | D66: 프렙 | E66: 30 | F66: 1 | G66: =IFERROR(VLOOKUP(C66,'🧪 프렙 원가표'!$C$8:$D$18,2,0),IFERROR(VLOOKUP(C66,'🥬 식재료 DB'!$C$7:$H$121,6,0),"")) -> 11 | H66: =IFERROR(IF(AND(C66<>"",ISNUMBER(E66),ISNUMBER(F66),F66>0,ISNUMBER(G66)),E66/F66*G66,""),"") -> 330
B67: 15 | D67: 프렙 | G67: =IFERROR(VLOOKUP(C67,'🧪 프렙 원가표'!$C$8:$D$18,2,0),IFERROR(VLOOKUP(C67,'🥬 식재료 DB'!$C$7:$H$121,6,0),"")) | H67: =IFERROR(IF(AND(C67<>"",ISNUMBER(E67),ISNUMBER(F67),F67>0,ISNUMBER(G67)),E67/F67*G67,""),"")
B68: 16 | D68: 프렙 | G68: =IFERROR(VLOOKUP(C68,'🧪 프렙 원가표'!$C$8:$D$18,2,0),IFERROR(VLOOKUP(C68,'🥬 식재료 DB'!$C$7:$H$121,6,0),"")) | H68: =IFERROR(IF(AND(C68<>"",ISNUMBER(E68),ISNUMBER(F68),F68>0,ISNUMBER(G68)),E68/F68*G68,""),"")
B69: 17 | D69: 프렙 | G69: =IFERROR(VLOOKUP(C69,'🧪 프렙 원가표'!$C$8:$D$18,2,0),IFERROR(VLOOKUP(C69,'🥬 식재료 DB'!$C$7:$H$121,6,0),"")) | H69: =IFERROR(IF(AND(C69<>"",ISNUMBER(E69),ISNUMBER(F69),F69>0,ISNUMBER(G69)),E69/F69*G69,""),"")
C71: 🍽 커다이 치킨 | E71: 13000 | F71: =IFERROR(SUM(H73,H74,H75,H76,H77,H78,H79,H80,H81,H82,H83,H84,H86,H87,H88,H89,H90),0) -> 1125.1149 | G71: =IFERROR(E71*'💰 고정비용 DB'!$D$22/'💰 고정비용 DB'!$D$25,0) -> 8583.8619 | H71: =IFERROR(G71-F71,"") -> 7458.747 | I71: =IFERROR(H71/E71,"") -> 0.57374977 | J71: =IF(I71="","⬜ 미입력",IF(I71<=0.2,"✅ 양호",IF(I71<=0.32,"🟡 주의","🔴 과다"))) -> 🔴 과다
B72: ▸ 메인 식재료
B73: 1 | C73: 닭가슴살 (정육) | D73: 메인 | E73: 70 | F73: 1 | G73: =IFERROR(VLOOKUP(C73,'🥬 식재료 DB'!$C$7:$H$121,6,0),"") | H73: =IFERROR(IF(AND(C73<>"",ISNUMBER(E73),ISNUMBER(F73),F73>0,ISNUMBER(G73)),E73/F73*G73,""),"")
B74: 2 | C74: 청피망 | D74: 메인 | E74: 30 | F74: 1 | G74: =IFERROR(VLOOKUP(C74,'🥬 식재료 DB'!$C$7:$H$121,6,0),"") -> 10 | H74: =IFERROR(IF(AND(C74<>"",ISNUMBER(E74),ISNUMBER(F74),F74>0,ISNUMBER(G74)),E74/F74*G74,""),"") -> 300
B75: 3 | C75: 토마토 | D75: 메인 | E75: 15 | F75: 1 | G75: =IFERROR(VLOOKUP(C75,'🥬 식재료 DB'!$C$7:$H$121,6,0),"") -> 6 | H75: =IFERROR(IF(AND(C75<>"",ISNUMBER(E75),ISNUMBER(F75),F75>0,ISNUMBER(G75)),E75/F75*G75,""),"") -> 90
B76: 4 | C76: 베트남 건고추 | D76: 메인 | E76: 10 | F76: 1 | G76: =IFERROR(VLOOKUP(C76,'🥬 식재료 DB'!$C$7:$H$121,6,0),"") | H76: =IFERROR(IF(AND(C76<>"",ISNUMBER(E76),ISNUMBER(F76),F76>0,ISNUMBER(G76)),E76/F76*G76,""),"")
B77: 5 | C77: CUMIN SEED WHOLE | D77: 메인 | E77: 15 | F77: 1 | G77: =IFERROR(VLOOKUP(C77,'🥬 식재료 DB'!$C$7:$H$121,6,0),"") -> 22.5 | H77: =IFERROR(IF(AND(C77<>"",ISNUMBER(E77),ISNUMBER(F77),F77>0,ISNUMBER(G77)),E77/F77*G77,""),"") -> 337.5
B78: 6 | C78: CORRIANDER WHOLE | D78: 메인 | E78: 10 | F78: 1 | G78: =IFERROR(VLOOKUP(C78,'🥬 식재료 DB'!$C$7:$H$121,6,0),"") | H78: =IFERROR(IF(AND(C78<>"",ISNUMBER(E78),ISNUMBER(F78),F78>0,ISNUMBER(G78)),E78/F78*G78,""),"")
B79: 7 | C79: 베트남 고추가루 | D79: 메인 | E79: 10 | F79: 1 | G79: =IFERROR(VLOOKUP(C79,'🥬 식재료 DB'!$C$7:$H$121,6,0),"") | H79: =IFERROR(IF(AND(C79<>"",ISNUMBER(E79),ISNUMBER(F79),F79>0,ISNUMBER(G79)),E79/F79*G79,""),"")
B80: 8 | C80: 데어리쿠킹크림 | D80: 메인 | E80: 10 | F80: 1 | G80: =IFERROR(VLOOKUP(C80,'🥬 식재료 DB'!$C$7:$H$121,6,0),"") -> 4.25 | H80: =IFERROR(IF(AND(C80<>"",ISNUMBER(E80),ISNUMBER(F80),F80>0,ISNUMBER(G80)),E80/F80*G80,""),"") -> 42.5
B81: 9 | C81: 꽃소금 | D81: 메인 | E81: 5 | F81: 1 | G81: =IFERROR(VLOOKUP(C81,'🥬 식재료 DB'!$C$7:$H$121,6,0),"") -> 1 | H81: =IFERROR(IF(AND(C81<>"",ISNUMBER(E81),ISNUMBER(F81),F81>0,ISNUMBER(G81)),E81/F81*G81,""),"") -> 5
B82: 10 | D82: 메인 | G82: =IFERROR(VLOOKUP(C82,'🥬 식재료 DB'!$C$7:$H$121,6,0),"") | H82: =IFERROR(IF(AND(C82<>"",ISNUMBER(E82),ISNUMBER(F82),F82>0,ISNUMBER(G82)),E82/F82*G82,""),"")
B83: 11 | D83: 메인 | G83: =IFERROR(VLOOKUP(C83,'🥬 식재료 DB'!$C$7:$H$121,6,0),"") | H83: =IFERROR(IF(AND(C83<>"",ISNUMBER(E83),ISNUMBER(F83),F83>0,ISNUMBER(G83)),E83/F83*G83,""),"")
B84: 12 | D84: 메인 | G84: =IFERROR(VLOOKUP(C84,'🥬 식재료 DB'!$C$7:$H$121,6,0),"") | H84: =IFERROR(IF(AND(C84<>"",ISNUMBER(E84),ISNUMBER(F84),F84>0,ISNUMBER(G84)),E84/F84*G84,""),"")
B85: ▸ 프렙 재료 (반제품)
B86: 13 | C86: 커리 그레이비 소스 | D86: 프렙 | E86: 120 | F86: 1 | G86: =IFERROR(VLOOKUP(C86,'🧪 프렙 원가표'!$C$8:$D$18,2,0),IFERROR(VLOOKUP(C86,'🥬 식재료 DB'!$C$7:$H$121,6,0),"")) -> 2.9176238 | H86: =IFERROR(IF(AND(C86<>"",ISNUMBER(E86),ISNUMBER(F86),F86>0,ISNUMBER(G86)),E86/F86*G86,""),"") -> 350.11485
B87: 14 | D87: 프렙 | G87: =IFERROR(VLOOKUP(C87,'🧪 프렙 원가표'!$C$8:$D$18,2,0),IFERROR(VLOOKUP(C87,'🥬 식재료 DB'!$C$7:$H$121,6,0),"")) | H87: =IFERROR(IF(AND(C87<>"",ISNUMBER(E87),ISNUMBER(F87),F87>0,ISNUMBER(G87)),E87/F87*G87,""),"")
B88: 15 | D88: 프렙 | G88: =IFERROR(VLOOKUP(C88,'🧪 프렙 원가표'!$C$8:$D$18,2,0),IFERROR(VLOOKUP(C88,'🥬 식재료 DB'!$C$7:$H$121,6,0),"")) | H88: =IFERROR(IF(AND(C88<>"",ISNUMBER(E88),ISNUMBER(F88),F88>0,ISNUMBER(G88)),E88/F88*G88,""),"")
B89: 16 | D89: 프렙 | G89: =IFERROR(VLOOKUP(C89,'🧪 프렙 원가표'!$C$8:$D$18,2,0),IFERROR(VLOOKUP(C89,'🥬 식재료 DB'!$C$7:$H$121,6,0),"")) | H89: =IFERROR(IF(AND(C89<>"",ISNUMBER(E89),ISNUMBER(F89),F89>0,ISNUMBER(G89)),E89/F89*G89,""),"")
B90: 17 | D90: 프렙 | G90: =IFERROR(VLOOKUP(C90,'🧪 프렙 원가표'!$C$8:$D$18,2,0),IFERROR(VLOOKUP(C90,'🥬 식재료 DB'!$C$7:$H$121,6,0),"")) | H90: =IFERROR(IF(AND(C90<>"",ISNUMBER(E90),ISNUMBER(F90),F90>0,ISNUMBER(G90)),E90/F90*G90,""),"")
C92: 🍽 치킨 티카 마살라 | E92: 13000 | F92: =IFERROR(SUM(H94,H95,H96,H97,H98,H99,H100,H101,H102,H103,H104,H105,H107,H108,H109,H110,H111),0) -> 2570.2871 | G92: =IFERROR(E92*'💰 고정비용 DB'!$D$22/'💰 고정비용 DB'!$D$25,0) -> 8583.8619 | H92: =IFERROR(G92-F92,"") -> 6013.5747 | I92: =IFERROR(H92/E92,"") -> 0.46258267 | J92: =IF(I92="","⬜ 미입력",IF(I92<=0.2,"✅ 양호",IF(I92<=0.32,"🟡 주의","🔴 과다"))) -> 🔴 과다
B93: ▸ 메인 식재료
B94: 1 | C94: 가슴 대한 | D94: 메인 | E94: 50 | F94: 1 | G94: =IFERROR(VLOOKUP(C94,'🥬 식재료 DB'!$C$7:$H$121,6,0),"") -> 4.4 | H94: =IFERROR(IF(AND(C94<>"",ISNUMBER(E94),ISNUMBER(F94),F94>0,ISNUMBER(G94)),E94/F94*G94,""),"") -> 220
B95: 2 | C95: 토마토 | D95: 메인 | E95: 15 | F95: 1 | G95: =IFERROR(VLOOKUP(C95,'🥬 식재료 DB'!$C$7:$H$121,6,0),"") -> 6 | H95: =IFERROR(IF(AND(C95<>"",ISNUMBER(E95),ISNUMBER(F95),F95>0,ISNUMBER(G95)),E95/F95*G95,""),"") -> 90
B96: 3 | C96: 청양고추 | D96: 메인 | E96: 15 | F96: 1 | G96: =IFERROR(VLOOKUP(C96,'🥬 식재료 DB'!$C$7:$H$121,6,0),"") -> 14 | H96: =IFERROR(IF(AND(C96<>"",ISNUMBER(E96),ISNUMBER(F96),F96>0,ISNUMBER(G96)),E96/F96*G96,""),"") -> 210
B97: 4 | C97: 꽃소금 | D97: 메인 | E97: 5 | F97: 1 | G97: =IFERROR(VLOOKUP(C97,'🥬 식재료 DB'!$C$7:$H$121,6,0),"") -> 1 | H97: =IFERROR(IF(AND(C97<>"",ISNUMBER(E97),ISNUMBER(F97),F97>0,ISNUMBER(G97)),E97/F97*G97,""),"") -> 5
B98: 5 | C98: 티카머설라 가루 | D98: 메인 | E98: 30 | F98: 1 | G98: =IFERROR(VLOOKUP(C98,'🥬 식재료 DB'!$C$7:$H$121,6,0),"") -> 23.75 | H98: =IFERROR(IF(AND(C98<>"",ISNUMBER(E98),ISNUMBER(F98),F98>0,ISNUMBER(G98)),E98/F98*G98,""),"") -> 712.5
B99: 6 | C99: 데어리쿠킹크림 | D99: 메인 | E99: 30 | F99: 1 | G99: =IFERROR(VLOOKUP(C99,'🥬 식재료 DB'!$C$7:$H$121,6,0),"") -> 4.25 | H99: =IFERROR(IF(AND(C99<>"",ISNUMBER(E99),ISNUMBER(F99),F99>0,ISNUMBER(G99)),E99/F99*G99,""),"") -> 127.5
B100: 7 | D100: 메인 | G100: =IFERROR(VLOOKUP(C100,'🥬 식재료 DB'!$C$7:$H$121,6,0),"") | H100: =IFERROR(IF(AND(C100<>"",ISNUMBER(E100),ISNUMBER(F100),F100>0,ISNUMBER(G100)),E100/F100*G100,""),"")
B101: 8 | D101: 메인 | G101: =IFERROR(VLOOKUP(C101,'🥬 식재료 DB'!$C$7:$H$121,6,0),"") | H101: =IFERROR(IF(AND(C101<>"",ISNUMBER(E101),ISNUMBER(F101),F101>0,ISNUMBER(G101)),E101/F101*G101,""),"")
B102: 9 | D102: 메인 | G102: =IFERROR(VLOOKUP(C102,'🥬 식재료 DB'!$C$7:$H$121,6,0),"") | H102: =IFERROR(IF(AND(C102<>"",ISNUMBER(E102),ISNUMBER(F102),F102>0,ISNUMBER(G102)),E102/F102*G102,""),"")
B103: 10 | D103: 메인 | G103: =IFERROR(VLOOKUP(C103,'🥬 식재료 DB'!$C$7:$H$121,6,0),"") | H103: =IFERROR(IF(AND(C103<>"",ISNUMBER(E103),ISNUMBER(F103),F103>0,ISNUMBER(G103)),E103/F103*G103,""),"")
B104: 11 | D104: 메인 | G104: =IFERROR(VLOOKUP(C104,'🥬 식재료 DB'!$C$7:$H$121,6,0),"") | H104: =IFERROR(IF(AND(C104<>"",ISNUMBER(E104),ISNUMBER(F104),F104>0,ISNUMBER(G104)),E104/F104*G104,""),"")
B105: 12 | D105: 메인 | G105: =IFERROR(VLOOKUP(C105,'🥬 식재료 DB'!$C$7:$H$121,6,0),"") | H105: =IFERROR(IF(AND(C105<>"",ISNUMBER(E105),ISNUMBER(F105),F105>0,ISNUMBER(G105)),E105/F105*G105,""),"")
B106: ▸ 프렙 재료 (반제품)
B107: 13 | C107: 커리 그레이비 소스 | D107: 프렙 | E107: 300 | F107: 1 | G107: =IFERROR(VLOOKUP(C107,'🧪 프렙 원가표'!$C$8:$D$18,2,0),IFERROR(VLOOKUP(C107,'🥬 식재료 DB'!$C$7:$H$121,6,0),"")) -> 2.9176238 | H107: =IFERROR(IF(AND(C107<>"",ISNUMBER(E107),ISNUMBER(F107),F107>0,ISNUMBER(G107)),E107/F107*G107,""),"") -> 875.28713
...

Sheet 🐑 양고기 커리
B2: EVEREST RESTAURANT GROUP · 🐑 양고기 커리 원가 계산표
B4: 📌 녹색=자동계산 노란색=입력값 | 식재료 DB/고정비용 DB 수정 시 자동 갱신됩니다.
B5: 📌 ▣ 색상 헤더 행: E=판매가 F=식재료원가 G=고정비용배분 H=총원가 I=총원가율 J=판정
B7: No. | C7: 식재료명 | D7: 구분 | E7: 사용량(g) | F7: 수율(%) | G7: g당 단가(원) | H7: 재료 원가(원) | I7: 비고
C8: 🍽 머턴 커리 | E8: 13000 | F8: =IFERROR(SUM(H10,H11,H12,H13,H14,H15,H16,H17,H18,H19,H20,H21,H23,H24,H25,H26,H27),0) -> 1868.0248 | G8: =IFERROR(E8*'💰 고정비용 DB'!$D$22/'💰 고정비용 DB'!$D$25,0) -> 8583.8619 | H8: =IFERROR(G8-F8,"") -> 6715.8371 | I8: =IFERROR(H8/E8,"") -> 0.51660285 | J8: =IF(I8="","⬜ 미입력",IF(I8<=0.2,"✅ 양호",IF(I8<=0.32,"🟡 주의","🔴 과다"))) -> 🔴 과다
B9: ▸ 메인 식재료
B10: 1 | C10: 양사태살 | D10: 메인 | E10: 50 | F10: 1 | G10: =IFERROR(VLOOKUP(C10,'🥬 식재료 DB'!$C$7:$H$121,6,0),"") -> 15 | H10: =IFERROR(IF(AND(C10<>"",ISNUMBER(E10),ISNUMBER(F10),F10>0,ISNUMBER(G10)),E10/F10*G10,""),"") -> 750
B11: 2 | C11: 고수 | D11: 메인 | E11: 2 | F11: 1 | G11: =IFERROR(VLOOKUP(C11,'🥬 식재료 DB'!$C$7:$H$121,6,0),"") -> 18 | H11: =IFERROR(IF(AND(C11<>"",ISNUMBER(E11),ISNUMBER(F11),F11>0,ISNUMBER(G11)),E11/F11*G11,""),"") -> 36
B12: 3 | C12: 토마토홀 | D12: 메인 | E12: 15 | F12: 1 | G12: =IFERROR(VLOOKUP(C12,'🥬 식재료 DB'!$C$7:$H$121,6,0),"") -> 2.4 | H12: =IFERROR(IF(AND(C12<>"",ISNUMBER(E12),ISNUMBER(F12),F12>0,ISNUMBER(G12)),E12/F12*G12,""),"") -> 36
B13: 4 | C13: 꽃소금 | D13: 메인 | E13: 5 | F13: 1 | G13: =IFERROR(VLOOKUP(C13,'🥬 식재료 DB'!$C$7:$H$121,6,0),"") -> 1 | H13: =IFERROR(IF(AND(C13<>"",ISNUMBER(E13),ISNUMBER(F13),F13>0,ISNUMBER(G13)),E13/F13*G13,""),"") -> 5
B14: 5 | C14: 데어리쿠킹크림 | D14: 메인 | E14: 30 | F14: 1 | G14: =IFERROR(VLOOKUP(C14,'🥬 식재료 DB'!$C$7:$H$121,6,0),"") -> 4.25 | H14: =IFERROR(IF(AND(C14<>"",ISNUMBER(E14),ISNUMBER(F14),F14>0,ISNUMBER(G14)),E14/F14*G14,""),"") -> 127.5
B15: 6 | D15: 메인 | G15: =IFERROR(VLOOKUP(C15,'🥬 식재료 DB'!$C$7:$H$121,6,0),"") | H15: =IFERROR(IF(AND(C15<>"",ISNUMBER(E15),ISNUMBER(F15),F15>0,ISNUMBER(G15)),E15/F15*G15,""),"")
B16: 7 | D16: 메인 | G16: =IFERROR(VLOOKUP(C16,'🥬 식재료 DB'!$C$7:$H$121,6,0),"") | H16: =IFERROR(IF(AND(C16<>"",ISNUMBER(E16),ISNUMBER(F16),F16>0,ISNUMBER(G16)),E16/F16*G16,""),"")
B17: 8 | D17: 메인 | G17: =IFERROR(VLOOKUP(C17,'🥬 식재료 DB'!$C$7:$H$121,6,0),"") | H17: =IFERROR(IF(AND(C17<>"",ISNUMBER(E17),ISNUMBER(F17),F17>0,ISNUMBER(G17)),E17/F17*G17,""),"")
B18: 9 | D18: 메인 | G18: =IFERROR(VLOOKUP(C18,'🥬 식재료 DB'!$C$7:$H$121,6,0),"") | H18: =IFERROR(IF(AND(C18<>"",ISNUMBER(E18),ISNUMBER(F18),F18>0,ISNUMBER(G18)),E18/F18*G18,""),"")
B19: 10 | D19: 메인 | G19: =IFERROR(VLOOKUP(C19,'🥬 식재료 DB'!$C$7:$H$121,6,0),"") | H19: =IFERROR(IF(AND(C19<>"",ISNUMBER(E19),ISNUMBER(F19),F19>0,ISNUMBER(G19)),E19/F19*G19,""),"")
B20: 11 | D20: 메인 | G20: =IFERROR(VLOOKUP(C20,'🥬 식재료 DB'!$C$7:$H$121,6,0),"") | H20: =IFERROR(IF(AND(C20<>"",ISNUMBER(E20),ISNUMBER(F20),F20>0,ISNUMBER(G20)),E20/F20*G20,""),"")
B21: 12 | D21: 메인 | G21: =IFERROR(VLOOKUP(C21,'🥬 식재료 DB'!$C$7:$H$121,6,0),"") | H21: =IFERROR(IF(AND(C21<>"",ISNUMBER(E21),ISNUMBER(F21),F21>0,ISNUMBER(G21)),E21/F21*G21,""),"")
B22: ▸ 프렙 재료 (반제품)
B23: 13 | C23: 커리 그레이비 소스 | D23: 프렙 | E23: 200 | F23: 1 | G23: =IFERROR(VLOOKUP(C23,'🧪 프렙 원가표'!$C$8:$D$18,2,0),IFERROR(VLOOKUP(C23,'🥬 식재료 DB'!$C$7:$H$121,6,0),"")) -> 2.9176238 | H23: =IFERROR(IF(AND(C23<>"",ISNUMBER(E23),ISNUMBER(F23),F23>0,ISNUMBER(G23)),E23/F23*G23,""),"") -> 583.52475
B24: 14 | C24: 치즈 | D24: 프렙 | E24: 30 | F24: 1 | G24: =IFERROR(VLOOKUP(C24,'🧪 프렙 원가표'!$C$8:$D$18,2,0),IFERROR(VLOOKUP(C24,'🥬 식재료 DB'!$C$7:$H$121,6,0),"")) -> 11 | H24: =IFERROR(IF(AND(C24<>"",ISNUMBER(E24),ISNUMBER(F24),F24>0,ISNUMBER(G24)),E24/F24*G24,""),"") -> 330
B25: 15 | D25: 프렙 | G25: =IFERROR(VLOOKUP(C25,'🧪 프렙 원가표'!$C$8:$D$18,2,0),IFERROR(VLOOKUP(C25,'🥬 식재료 DB'!$C$7:$H$121,6,0),"")) | H25: =IFERROR(IF(AND(C25<>"",ISNUMBER(E25),ISNUMBER(F25),F25>0,ISNUMBER(G25)),E25/F25*G25,""),"")
B26: 16 | D26: 프렙 | G26: =IFERROR(VLOOKUP(C26,'🧪 프렙 원가표'!$C$8:$D$18,2,0),IFERROR(VLOOKUP(C26,'🥬 식재료 DB'!$C$7:$H$121,6,0),"")) | H26: =IFERROR(IF(AND(C26<>"",ISNUMBER(E26),ISNUMBER(F26),F26>0,ISNUMBER(G26)),E26/F26*G26,""),"")
B27: 17 | D27: 프렙 | G27: =IFERROR(VLOOKUP(C27,'🧪 프렙 원가표'!$C$8:$D$18,2,0),IFERROR(VLOOKUP(C27,'🥬 식재료 DB'!$C$7:$H$121,6,0),"")) | H27: =IFERROR(IF(AND(C27<>"",ISNUMBER(E27),ISNUMBER(F27),F27>0,ISNUMBER(G27)),E27/F27*G27,""),"")
C29: 🍽 머턴 마살라 | E29: 14000 | F29: =IFERROR(SUM(H31,H32,H33,H34,H35,H36,H37,H38,H39,H40,H41,H42,H44,H45,H46,H47,H48),0) -> 2135.3998 | G29: =IFERROR(E29*'💰 고정비용 DB'!$D$22/'💰 고정비용 DB'!$D$25,0) -> 9244.1589 | H29: =IFERROR(G29-F29,"") -> 7108.7592 | I29: =IFERROR(H29/E29,"") -> 0.50776851 | J29: =IF(I29="","⬜ 미입력",IF(I29<=0.2,"✅ 양호",IF(I29<=0.32,"🟡 주의","🔴 과다"))) -> 🔴 과다
B30: ▸ 메인 식재료
B31: 1 | C31: 양사태살 | D31: 메인 | E31: 50 | F31: 1 | G31: =IFERROR(VLOOKUP(C31,'🥬 식재료 DB'!$C$7:$H$121,6,0),"") -> 15 | H31: =IFERROR(IF(AND(C31<>"",ISNUMBER(E31),ISNUMBER(F31),F31>0,ISNUMBER(G31)),E31/F31*G31,""),"") -> 750
B32: 2 | C32: 청양고추 | D32: 메인 | E32: 15 | F32: 1 | G32: =IFERROR(VLOOKUP(C32,'🥬 식재료 DB'!$C$7:$H$121,6,0),"") -> 14 | H32: =IFERROR(IF(AND(C32<>"",ISNUMBER(E32),ISNUMBER(F32),F32>0,ISNUMBER(G32)),E32/F32*G32,""),"") -> 210
B33: 3 | C33: 꽃소금 | D33: 메인 | E33: 5 | F33: 1 | G33: =IFERROR(VLOOKUP(C33,'🥬 식재료 DB'!$C$7:$H$121,6,0),"") -> 1 | H33: =IFERROR(IF(AND(C33<>"",ISNUMBER(E33),ISNUMBER(F33),F33>0,ISNUMBER(G33)),E33/F33*G33,""),"") -> 5
B34: 4 | C34: 토마토 | D34: 메인 | E34: 15 | F34: 1 | G34: =IFERROR(VLOOKUP(C34,'🥬 식재료 DB'!$C$7:$H$121,6,0),"") -> 6 | H34: =IFERROR(IF(AND(C34<>"",ISNUMBER(E34),ISNUMBER(F34),F34>0,ISNUMBER(G34)),E34/F34*G34,""),"") -> 90
B35: 5 | C35: 데어리쿠킹크림 | D35: 메인 | E35: 30 | F35: 1 | G35: =IFERROR(VLOOKUP(C35,'🥬 식재료 DB'!$C$7:$H$121,6,0),"") -> 4.25 | H35: =IFERROR(IF(AND(C35<>"",ISNUMBER(E35),ISNUMBER(F35),F35>0,ISNUMBER(G35)),E35/F35*G35,""),"") -> 127.5
B36: 6 | C36: 완두콩 | D36: 메인 | E36: 15 | F36: 1 | G36: =IFERROR(VLOOKUP(C36,'🥬 식재료 DB'!$C$7:$H$121,6,0),"") -> 2.625 | H36: =IFERROR(IF(AND(C36<>"",ISNUMBER(E36),ISNUMBER(F36),F36>0,ISNUMBER(G36)),E36/F36*G36,""),"") -> 39.375
B37: 7 | D37: 메인 | G37: =IFERROR(VLOOKUP(C37,'🥬 식재료 DB'!$C$7:$H$121,6,0),"") | H37: =IFERROR(IF(AND(C37<>"",ISNUMBER(E37),ISNUMBER(F37),F37>0,ISNUMBER(G37)),E37/F37*G37,""),"")
B38: 8 | D38: 메인 | G38: =IFERROR(VLOOKUP(C38,'🥬 식재료 DB'!$C$7:$H$121,6,0),"") | H38: =IFERROR(IF(AND(C38<>"",ISNUMBER(E38),ISNUMBER(F38),F38>0,ISNUMBER(G38)),E38/F38*G38,""),"")
B39: 9 | D39: 메인 | G39: =IFERROR(VLOOKUP(C39,'🥬 식재료 DB'!$C$7:$H$121,6,0),"") | H39: =IFERROR(IF(AND(C39<>"",ISNUMBER(E39),ISNUMBER(F39),F39>0,ISNUMBER(G39)),E39/F39*G39,""),"")
B40: 10 | D40: 메인 | G40: =IFERROR(VLOOKUP(C40,'🥬 식재료 DB'!$C$7:$H$121,6,0),"") | H40: =IFERROR(IF(AND(C40<>"",ISNUMBER(E40),ISNUMBER(F40),F40>0,ISNUMBER(G40)),E40/F40*G40,""),"")
B41: 11 | D41: 메인 | G41: =IFERROR(VLOOKUP(C41,'🥬 식재료 DB'!$C$7:$H$121,6,0),"") | H41: =IFERROR(IF(AND(C41<>"",ISNUMBER(E41),ISNUMBER(F41),F41>0,ISNUMBER(G41)),E41/F41*G41,""),"")
B42: 12 | D42: 메인 | G42: =IFERROR(VLOOKUP(C42,'🥬 식재료 DB'!$C$7:$H$121,6,0),"") | H42: =IFERROR(IF(AND(C42<>"",ISNUMBER(E42),ISNUMBER(F42),F42>0,ISNUMBER(G42)),E42/F42*G42,""),"")
B43: ▸ 프렙 재료 (반제품)
B44: 13 | C44: 커리 그레이비 소스 | D44: 프렙 | E44: 200 | F44: 1 | G44: =IFERROR(VLOOKUP(C44,'🧪 프렙 원가표'!$C$8:$D$18,2,0),IFERROR(VLOOKUP(C44,'🥬 식재료 DB'!$C$7:$H$121,6,0),"")) -> 2.9176238 | H44: =IFERROR(IF(AND(C44<>"",ISNUMBER(E44),ISNUMBER(F44),F44>0,ISNUMBER(G44)),E44/F44*G44,""),"") -> 583.52475
B45: 14 | C45: 치즈 | D45: 프렙 | E45: 30 | F45: 1 | G45: =IFERROR(VLOOKUP(C45,'🧪 프렙 원가표'!$C$8:$D$18,2,0),IFERROR(VLOOKUP(C45,'🥬 식재료 DB'!$C$7:$H$121,6,0),"")) -> 11 | H45: =IFERROR(IF(AND(C45<>"",ISNUMBER(E45),ISNUMBER(F45),F45>0,ISNUMBER(G45)),E45/F45*G45,""),"") -> 330
B46: 15 | D46: 프렙 | G46: =IFERROR(VLOOKUP(C46,'🧪 프렙 원가표'!$C$8:$D$18,2,0),IFERROR(VLOOKUP(C46,'🥬 식재료 DB'!$C$7:$H$121,6,0),"")) | H46: =IFERROR(IF(AND(C46<>"",ISNUMBER(E46),ISNUMBER(F46),F46>0,ISNUMBER(G46)),E46/F46*G46,""),"")
B47: 16 | D47: 프렙 | G47: =IFERROR(VLOOKUP(C47,'🧪 프렙 원가표'!$C$8:$D$18,2,0),IFERROR(VLOOKUP(C47,'🥬 식재료 DB'!$C$7:$H$121,6,0),"")) | H47: =IFERROR(IF(AND(C47<>"",ISNUMBER(E47),ISNUMBER(F47),F47>0,ISNUMBER(G47)),E47/F47*G47,""),"")
B48: 17 | D48: 프렙 | G48: =IFERROR(VLOOKUP(C48,'🧪 프렙 원가표'!$C$8:$D$18,2,0),IFERROR(VLOOKUP(C48,'🥬 식재료 DB'!$C$7:$H$121,6,0),"")) | H48: =IFERROR(IF(AND(C48<>"",ISNUMBER(E48),ISNUMBER(F48),F48>0,ISNUMBER(G48)),E48/F48*G48,""),"")
C50: 🍽 머턴 도 피아자 | E50: 14000 | F50: =IFERROR(SUM(H52,H53,H54,H55,H56,H57,H58,H59,H60,H61,H62,H63,H65,H66,H67,H68,H69),0) -> 1366.5248 | G50: =IFERROR(E50*'💰 고정비용 DB'!$D$22/'💰 고정비용 DB'!$D$25,0) -> 9244.1589 | H50: =IFERROR(G50-F50,"") -> 7877.6342 | I50: =IFERROR(H50/E50,"") -> 0.56268816 | J50: =IF(I50="","⬜ 미입력",IF(I50<=0.2,"✅ 양호",IF(I50<=0.32,"🟡 주의","🔴 과다"))) -> 🔴 과다
B51: ▸ 메인 식재료
B52: 1 | C52: 양사태살 | D52: 메인 | E52: 50 | F52: 1 | G52: =IFERROR(VLOOKUP(C52,'🥬 식재료 DB'!$C$7:$H$121,6,0),"") -> 15 | H52: =IFERROR(IF(AND(C52<>"",ISNUMBER(E52),ISNUMBER(F52),F52>0,ISNUMBER(G52)),E52/F52*G52,""),"") -> 750
B53: 2 | C53: 꽃소금 | D53: 메인 | E53: 5 | F53: 1 | G53: =IFERROR(VLOOKUP(C53,'🥬 식재료 DB'!$C$7:$H$121,6,0),"") -> 1 | H53: =IFERROR(IF(AND(C53<>"",ISNUMBER(E53),ISNUMBER(F53),F53>0,ISNUMBER(G53)),E53/F53*G53,""),"") -> 5
B54: 3 | C54: 양파 | D54: 메인 | E54: 30 | F54: 1 | G54: =IFERROR(VLOOKUP(C54,'🥬 식재료 DB'!$C$7:$H$121,6,0),"") -> 0.93333333 | H54: =IFERROR(IF(AND(C54<>"",ISNUMBER(E54),ISNUMBER(F54),F54>0,ISNUMBER(G54)),E54/F54*G54,""),"") -> 28
B55: 4 | D55: 메인 | G55: =IFERROR(VLOOKUP(C55,'🥬 식재료 DB'!$C$7:$H$121,6,0),"") | H55: =IFERROR(IF(AND(C55<>"",ISNUMBER(E55),ISNUMBER(F55),F55>0,ISNUMBER(G55)),E55/F55*G55,""),"")
B56: 5 | D56: 메인 | G56: =IFERROR(VLOOKUP(C56,'🥬 식재료 DB'!$C$7:$H$121,6,0),"") | H56: =IFERROR(IF(AND(C56<>"",ISNUMBER(E56),ISNUMBER(F56),F56>0,ISNUMBER(G56)),E56/F56*G56,""),"")
B57: 6 | D57: 메인 | G57: =IFERROR(VLOOKUP(C57,'🥬 식재료 DB'!$C$7:$H$121,6,0),"") | H57: =IFERROR(IF(AND(C57<>"",ISNUMBER(E57),ISNUMBER(F57),F57>0,ISNUMBER(G57)),E57/F57*G57,""),"")
B58: 7 | D58: 메인 | G58: =IFERROR(VLOOKUP(C58,'🥬 식재료 DB'!$C$7:$H$121,6,0),"") | H58: =IFERROR(IF(AND(C58<>"",ISNUMBER(E58),ISNUMBER(F58),F58>0,ISNUMBER(G58)),E58/F58*G58,""),"")
B59: 8 | D59: 메인 | G59: =IFERROR(VLOOKUP(C59,'🥬 식재료 DB'!$C$7:$H$121,6,0),"") | H59: =IFERROR(IF(AND(C59<>"",ISNUMBER(E59),ISNUMBER(F59),F59>0,ISNUMBER(G59)),E59/F59*G59,""),"")
B60: 9 | D60: 메인 | G60: =IFERROR(VLOOKUP(C60,'🥬 식재료 DB'!$C$7:$H$121,6,0),"") | H60: =IFERROR(IF(AND(C60<>"",ISNUMBER(E60),ISNUMBER(F60),F60>0,ISNUMBER(G60)),E60/F60*G60,""),"")
B61: 10 | D61: 메인 | G61: =IFERROR(VLOOKUP(C61,'🥬 식재료 DB'!$C$7:$H$121,6,0),"") | H61: =IFERROR(IF(AND(C61<>"",ISNUMBER(E61),ISNUMBER(F61),F61>0,ISNUMBER(G61)),E61/F61*G61,""),"")
B62: 11 | D62: 메인 | G62: =IFERROR(VLOOKUP(C62,'🥬 식재료 DB'!$C$7:$H$121,6,0),"") | H62: =IFERROR(IF(AND(C62<>"",ISNUMBER(E62),ISNUMBER(F62),F62>0,ISNUMBER(G62)),E62/F62*G62,""),"")
B63: 12 | D63: 메인 | G63: =IFERROR(VLOOKUP(C63,'🥬 식재료 DB'!$C$7:$H$121,6,0),"") | H63: =IFERROR(IF(AND(C63<>"",ISNUMBER(E63),ISNUMBER(F63),F63>0,ISNUMBER(G63)),E63/F63*G63,""),"")
B64: ▸ 프렙 재료 (반제품)
B65: 13 | C65: 커리 그레이비 소스 | D65: 프렙 | E65: 200 | F65: 1 | G65: =IFERROR(VLOOKUP(C65,'🧪 프렙 원가표'!$C$8:$D$18,2,0),IFERROR(VLOOKUP(C65,'🥬 식재료 DB'!$C$7:$H$121,6,0),"")) -> 2.9176238 | H65: =IFERROR(IF(AND(C65<>"",ISNUMBER(E65),ISNUMBER(F65),F65>0,ISNUMBER(G65)),E65/F65*G65,""),"") -> 583.52475
B66: 14 | D66: 프렙 | G66: =IFERROR(VLOOKUP(C66,'🧪 프렙 원가표'!$C$8:$D$18,2,0),IFERROR(VLOOKUP(C66,'🥬 식재료 DB'!$C$7:$H$121,6,0),"")) | H66: =IFERROR(IF(AND(C66<>"",ISNUMBER(E66),ISNUMBER(F66),F66>0,ISNUMBER(G66)),E66/F66*G66,""),"")
B67: 15 | D67: 프렙 | G67: =IFERROR(VLOOKUP(C67,'🧪 프렙 원가표'!$C$8:$D$18,2,0),IFERROR(VLOOKUP(C67,'🥬 식재료 DB'!$C$7:$H$121,6,0),"")) | H67: =IFERROR(IF(AND(C67<>"",ISNUMBER(E67),ISNUMBER(F67),F67>0,ISNUMBER(G67)),E67/F67*G67,""),"")
B68: 16 | D68: 프렙 | G68: =IFERROR(VLOOKUP(C68,'🧪 프렙 원가표'!$C$8:$D$18,2,0),IFERROR(VLOOKUP(C68,'🥬 식재료 DB'!$C$7:$H$121,6,0),"")) | H68: =IFERROR(IF(AND(C68<>"",ISNUMBER(E68),ISNUMBER(F68),F68>0,ISNUMBER(G68)),E68/F68*G68,""),"")
B69: 17 | D69: 프렙 | G69: =IFERROR(VLOOKUP(C69,'🧪 프렙 원가표'!$C$8:$D$18,2,0),IFERROR(VLOOKUP(C69,'🥬 식재료 DB'!$C$7:$H$121,6,0),"")) | H69: =IFERROR(IF(AND(C69<>"",ISNUMBER(E69),ISNUMBER(F69),F69>0,ISNUMBER(G69)),E69/F69*G69,""),"")
C71: 🍽 머턴 코르마 | E71: 14000 | F71: =IFERROR(SUM(H73,H74,H75,H76,H77,H78,H79,H80,H81,H82,H83,H84,H86,H87,H88,H89,H90),0) -> 1381.0248 | G71: =IFERROR(E71*'💰 고정비용 DB'!$D$22/'💰 고정비용 DB'!$D$25,0) -> 9244.1589 | H71: =IFERROR(G71-F71,"") -> 7863.1342 | I71: =IFERROR(H71/E71,"") -> 0.56165244 | J71: =IF(I71="","⬜ 미입력",IF(I71<=0.2,"✅ 양호",IF(I71<=0.32,"🟡 주의","🔴 과다"))) -> 🔴 과다
B72: ▸ 메인 식재료
B73: 1 | C73: 양사태살 | D73: 메인 | E73: 50 | F73: 1 | G73: =IFERROR(VLOOKUP(C73,'🥬 식재료 DB'!$C$7:$H$121,6,0),"") -> 15 | H73: =IFERROR(IF(AND(C73<>"",ISNUMBER(E73),ISNUMBER(F73),F73>0,ISNUMBER(G73)),E73/F73*G73,""),"") -> 750
B74: 2 | C74: 꽃소금 | D74: 메인 | E74: 5 | F74: 1 | G74: =IFERROR(VLOOKUP(C74,'🥬 식재료 DB'!$C$7:$H$121,6,0),"") -> 1 | H74: =IFERROR(IF(AND(C74<>"",ISNUMBER(E74),ISNUMBER(F74),F74>0,ISNUMBER(G74)),E74/F74*G74,""),"") -> 5
B75: 3 | C75: 데어리쿠킹크림 | D75: 메인 | E75: 10 | F75: 1 | G75: =IFERROR(VLOOKUP(C75,'🥬 식재료 DB'!$C$7:$H$121,6,0),"") -> 4.25 | H75: =IFERROR(IF(AND(C75<>"",ISNUMBER(E75),ISNUMBER(F75),F75>0,ISNUMBER(G75)),E75/F75*G75,""),"") -> 42.5
B76: 4 | D76: 메인 | G76: =IFERROR(VLOOKUP(C76,'🥬 식재료 DB'!$C$7:$H$121,6,0),"") | H76: =IFERROR(IF(AND(C76<>"",ISNUMBER(E76),ISNUMBER(F76),F76>0,ISNUMBER(G76)),E76/F76*G76,""),"")
B77: 5 | D77: 메인 | G77: =IFERROR(VLOOKUP(C77,'🥬 식재료 DB'!$C$7:$H$121,6,0),"") | H77: =IFERROR(IF(AND(C77<>"",ISNUMBER(E77),ISNUMBER(F77),F77>0,ISNUMBER(G77)),E77/F77*G77,""),"")
B78: 6 | D78: 메인 | G78: =IFERROR(VLOOKUP(C78,'🥬 식재료 DB'!$C$7:$H$121,6,0),"") | H78: =IFERROR(IF(AND(C78<>"",ISNUMBER(E78),ISNUMBER(F78),F78>0,ISNUMBER(G78)),E78/F78*G78,""),"")
B79: 7 | D79: 메인 | G79: =IFERROR(VLOOKUP(C79,'🥬 식재료 DB'!$C$7:$H$121,6,0),"") | H79: =IFERROR(IF(AND(C79<>"",ISNUMBER(E79),ISNUMBER(F79),F79>0,ISNUMBER(G79)),E79/F79*G79,""),"")
B80: 8 | D80: 메인 | G80: =IFERROR(VLOOKUP(C80,'🥬 식재료 DB'!$C$7:$H$121,6,0),"") | H80: =IFERROR(IF(AND(C80<>"",ISNUMBER(E80),ISNUMBER(F80),F80>0,ISNUMBER(G80)),E80/F80*G80,""),"")
B81: 9 | D81: 메인 | G81: =IFERROR(VLOOKUP(C81,'🥬 식재료 DB'!$C$7:$H$121,6,0),"") | H81: =IFERROR(IF(AND(C81<>"",ISNUMBER(E81),ISNUMBER(F81),F81>0,ISNUMBER(G81)),E81/F81*G81,""),"")
B82: 10 | D82: 메인 | G82: =IFERROR(VLOOKUP(C82,'🥬 식재료 DB'!$C$7:$H$121,6,0),"") | H82: =IFERROR(IF(AND(C82<>"",ISNUMBER(E82),ISNUMBER(F82),F82>0,ISNUMBER(G82)),E82/F82*G82,""),"")
B83: 11 | D83: 메인 | G83: =IFERROR(VLOOKUP(C83,'🥬 식재료 DB'!$C$7:$H$121,6,0),"") | H83: =IFERROR(IF(AND(C83<>"",ISNUMBER(E83),ISNUMBER(F83),F83>0,ISNUMBER(G83)),E83/F83*G83,""),"")
B84: 12 | D84: 메인 | G84: =IFERROR(VLOOKUP(C84,'🥬 식재료 DB'!$C$7:$H$121,6,0),"") | H84: =IFERROR(IF(AND(C84<>"",ISNUMBER(E84),ISNUMBER(F84),F84>0,ISNUMBER(G84)),E84/F84*G84,""),"")
B85: ▸ 프렙 재료 (반제품)
B86: 13 | C86: 커리 그레이비 소스 | D86: 프렙 | E86: 200 | F86: 1 | G86: =IFERROR(VLOOKUP(C86,'🧪 프렙 원가표'!$C$8:$D$18,2,0),IFERROR(VLOOKUP(C86,'🥬 식재료 DB'!$C$7:$H$121,6,0),"")) -> 2.9176238 | H86: =IFERROR(IF(AND(C86<>"",ISNUMBER(E86),ISNUMBER(F86),F86>0,ISNUMBER(G86)),E86/F86*G86,""),"") -> 583.52475
B87: 14 | D87: 프렙 | G87: =IFERROR(VLOOKUP(C87,'🧪 프렙 원가표'!$C$8:$D$18,2,0),IFERROR(VLOOKUP(C87,'🥬 식재료 DB'!$C$7:$H$121,6,0),"")) | H87: =IFERROR(IF(AND(C87<>"",ISNUMBER(E87),ISNUMBER(F87),F87>0,ISNUMBER(G87)),E87/F87*G87,""),"")
B88: 15 | D88: 프렙 | G88: =IFERROR(VLOOKUP(C88,'🧪 프렙 원가표'!$C$8:$D$18,2,0),IFERROR(VLOOKUP(C88,'🥬 식재료 DB'!$C$7:$H$121,6,0),"")) | H88: =IFERROR(IF(AND(C88<>"",ISNUMBER(E88),ISNUMBER(F88),F88>0,ISNUMBER(G88)),E88/F88*G88,""),"")
B89: 16 | D89: 프렙 | G89: =IFERROR(VLOOKUP(C89,'🧪 프렙 원가표'!$C$8:$D$18,2,0),IFERROR(VLOOKUP(C89,'🥬 식재료 DB'!$C$7:$H$121,6,0),"")) | H89: =IFERROR(IF(AND(C89<>"",ISNUMBER(E89),ISNUMBER(F89),F89>0,ISNUMBER(G89)),E89/F89*G89,""),"")
B90: 17 | D90: 프렙 | G90: =IFERROR(VLOOKUP(C90,'🧪 프렙 원가표'!$C$8:$D$18,2,0),IFERROR(VLOOKUP(C90,'🥬 식재료 DB'!$C$7:$H$121,6,0),"")) | H90: =IFERROR(IF(AND(C90<>"",ISNUMBER(E90),ISNUMBER(F90),F90>0,ISNUMBER(G90)),E90/F90*G90,""),"")
C92: 🍽 머턴 빈달루 | E92: 15000 | F92: =IFERROR(SUM(H94,H95,H96,H97,H98,H99,H100,H101,H102,H103,H104,H105,H107,H108,H109,H110,H111),0) -> 2297.4136 | G92: =IFERROR(E92*'💰 고정비용 DB'!$D$22/'💰 고정비용 DB'!$D$25,0) -> 9904.456 | H92: =IFERROR(G92-F92,"") -> 7607.0424 | I92: =IFERROR(H92/E92,"") -> 0.50713616 | J92: =IF(I92="","⬜ 미입력",IF(I92<=0.2,"✅ 양호",IF(I92<=0.32,"🟡 주의","🔴 과다"))) -> 🔴 과다
B93: ▸ 메인 식재료
B94: 1 | C94: 양사태살 | D94: 메인 | E94: 50 | F94: 1 | G94: =IFERROR(VLOOKUP(C94,'🥬 식재료 DB'!$C$7:$H$121,6,0),"") -> 15 | H94: =IFERROR(IF(AND(C94<>"",ISNUMBER(E94),ISNUMBER(F94),F94>0,ISNUMBER(G94)),E94/F94*G94,""),"") -> 750
B95: 2 | C95: 고운 고추가루 | D95: 메인 | E95: 10 | F95: 1 | G95: =IFERROR(VLOOKUP(C95,'🥬 식재료 DB'!$C$7:$H$121,6,0),"") -> 14 | H95: =IFERROR(IF(AND(C95<>"",ISNUMBER(E95),ISNUMBER(F95),F95>0,ISNUMBER(G95)),E95/F95*G95,""),"") -> 140
B96: 3 | C96: Clove powder | D96: 메인 | E96: 5 | F96: 1 | G96: =IFERROR(VLOOKUP(C96,'🥬 식재료 DB'!$C$7:$H$121,6,0),"") -> 107.77778 | H96: =IFERROR(IF(AND(C96<>"",ISNUMBER(E96),ISNUMBER(F96),F96>0,ISNUMBER(G96)),E96/F96*G96,""),"") -> 538.88889
B97: 4 | C97: 베트남(고추가루) | D97: 메인 | E97: 15 | F97: 1 | G97: =IFERROR(VLOOKUP(C97,'🥬 식재료 DB'!$C$7:$H$121,6,0),"") -> 18 | H97: =IFERROR(IF(AND(C97<>"",ISNUMBER(E97),ISNUMBER(F97),F97>0,ISNUMBER(G97)),E97/F97*G97,""),"") -> 270
B98: 5 | C98: 꽃소금 | D98: 메인 | E98: 15 | F98: 1 | G98: =IFERROR(VLOOKUP(C98,'🥬 식재료 DB'!$C$7:$H$121,6,0),"") -> 1 | H98: =IFERROR(IF(AND(C98<>"",ISNUMBER(E98),ISNUMBER(F98),F98>0,ISNUMBER(G98)),E98/F98*G98,""),"") -> 15
B99: 6 | D99: 메인 | G99: =IFERROR(VLOOKUP(C99,'🥬 식재료 DB'!$C$7:$H$121,6,0),"") | H99: =IFERROR(IF(AND(C99<>"",ISNUMBER(E99),ISNUMBER(F99),F99>0,ISNUMBER(G99)),E99/F99*G99,""),"")
B100: 7 | D100: 메인 | G100: =IFERROR(VLOOKUP(C100,'🥬 식재료 DB'!$C$7:$H$121,6,0),"") | H100: =IFERROR(IF(AND(C100<>"",ISNUMBER(E100),ISNUMBER(F100),F100>0,ISNUMBER(G100)),E100/F100*G100,""),"")
B101: 8 | D101: 메인 | G101: =IFERROR(VLOOKUP(C101,'🥬 식재료 DB'!$C$7:$H$121,6,0),"") | H101: =IFERROR(IF(AND(C101<>"",ISNUMBER(E101),ISNUMBER(F101),F101>0,ISNUMBER(G101)),E101/F101*G101,""),"")
B102: 9 | D102: 메인 | G102: =IFERROR(VLOOKUP(C102,'🥬 식재료 DB'!$C$7:$H$121,6,0),"") | H102: =IFERROR(IF(AND(C102<>"",ISNUMBER(E102),ISNUMBER(F102),F102>0,ISNUMBER(G102)),E102/F102*G102,""),"")
B103: 10 | D103: 메인 | G103: =IFERROR(VLOOKUP(C103,'🥬 식재료 DB'!$C$7:$H$121,6,0),"") | H103: =IFERROR(IF(AND(C103<>"",ISNUMBER(E103),ISNUMBER(F103),F103>0,ISNUMBER(G103)),E103/F103*G103,""),"")
B104: 11 | D104: 메인 | G104: =IFERROR(VLOOKUP(C104,'🥬 식재료 DB'!$C$7:$H$121,6,0),"") | H104: =IFERROR(IF(AND(C104<>"",ISNUMBER(E104),ISNUMBER(F104),F104>0,ISNUMBER(G104)),E104/F104*G104,""),"")
B105: 12 | D105: 메인 | G105: =IFERROR(VLOOKUP(C105,'🥬 식재료 DB'!$C$7:$H$121,6,0),"") | H105: =IFERROR(IF(AND(C105<>"",ISNUMBER(E105),ISNUMBER(F105),F105>0,ISNUMBER(G105)),E105/F105*G105,""),"")
B106: ▸ 프렙 재료 (반제품)
B107: 13 | C107: 커리 그레이비 소스 | D107: 프렙 | E107: 200 | F107: 1 | G107: =IFERROR(VLOOKUP(C107,'🧪 프렙 원가표'!$C$8:$D$18,2,0),IFERROR(VLOOKUP(C107,'🥬 식재료 DB'!$C$7:$H$121,6,0),"")) -> 2.9176238 | H107: =IFERROR(IF(AND(C107<>"",ISNUMBER(E107),ISNUMBER(F107),F107>0,ISNUMBER(G107)),E107/F107*G107,""),"") -> 583.52475
...

Sheet 🥚 에그·해산물 커리
B2: EVEREST RESTAURANT GROUP · 🥚 에그·해산물 커리 원가 계산표
B4: 📌 녹색=자동계산 노란색=입력값 | 식재료 DB/고정비용 DB 수정 시 자동 갱신됩니다.
B5: 📌 ▣ 색상 헤더 행: E=판매가 F=식재료원가 G=고정비용배분 H=총원가 I=총원가율 J=판정
B7: No. | C7: 식재료명 | D7: 구분 | E7: 사용량(g) | F7: 수율(%) | G7: g당 단가(원) | H7: 재료 원가(원) | I7: 비고
C8: 🍽 에그 커리 | E8: 11000 | F8: =IFERROR(SUM(H10,H11,H12,H13,H14,H15,H16,H17,H18,H19,H20,H21,H23,H24,H25,H26,H27),0) -> 1258.0248 | G8: =IFERROR(E8*'💰 고정비용 DB'!$D$22/'💰 고정비용 DB'!$D$25,0) -> 7263.2677 | H8: =IFERROR(G8-F8,"") -> 6005.243 | I8: =IFERROR(H8/E8,"") -> 0.54593118 | J8: =IF(I8="","⬜ 미입력",IF(I8<=0.2,"✅ 양호",IF(I8<=0.32,"🟡 주의","🔴 과다"))) -> 🔴 과다
B9: ▸ 메인 식재료
B10: 1 | C10: 계란 | D10: 메인 | E10: 130 | F10: 1 | G10: =IFERROR(VLOOKUP(C10,'🥬 식재료 DB'!$C$7:$H$121,6,0),"") -> 3.2307692 | H10: =IFERROR(IF(AND(C10<>"",ISNUMBER(E10),ISNUMBER(F10),F10>0,ISNUMBER(G10)),E10/F10*G10,""),"") -> 420
B11: 2 | C11: 고수 | D11: 메인 | E11: 2 | F11: 1 | G11: =IFERROR(VLOOKUP(C11,'🥬 식재료 DB'!$C$7:$H$121,6,0),"") -> 18 | H11: =IFERROR(IF(AND(C11<>"",ISNUMBER(E11),ISNUMBER(F11),F11>0,ISNUMBER(G11)),E11/F11*G11,""),"") -> 36
B12: 3 | C12: 토마토홀 | D12: 메인 | E12: 15 | F12: 1 | G12: =IFERROR(VLOOKUP(C12,'🥬 식재료 DB'!$C$7:$H$121,6,0),"") -> 2.4 | H12: =IFERROR(IF(AND(C12<>"",ISNUMBER(E12),ISNUMBER(F12),F12>0,ISNUMBER(G12)),E12/F12*G12,""),"") -> 36
B13: 4 | C13: 꽃소금 | D13: 메인 | E13: 5 | F13: 1 | G13: =IFERROR(VLOOKUP(C13,'🥬 식재료 DB'!$C$7:$H$121,6,0),"") -> 1 | H13: =IFERROR(IF(AND(C13<>"",ISNUMBER(E13),ISNUMBER(F13),F13>0,ISNUMBER(G13)),E13/F13*G13,""),"") -> 5
B14: 5 | C14: 데어리쿠킹크림 | D14: 메인 | E14: 30 | F14: 1 | G14: =IFERROR(VLOOKUP(C14,'🥬 식재료 DB'!$C$7:$H$121,6,0),"") -> 4.25 | H14: =IFERROR(IF(AND(C14<>"",ISNUMBER(E14),ISNUMBER(F14),F14>0,ISNUMBER(G14)),E14/F14*G14,""),"") -> 127.5
B15: 6 | C15: 통생강 | D15: 메인 | E15: 5 | F15: 1 | G15: =IFERROR(VLOOKUP(C15,'🥬 식재료 DB'!$C$7:$H$121,6,0),"") -> 10 | H15: =IFERROR(IF(AND(C15<>"",ISNUMBER(E15),ISNUMBER(F15),F15>0,ISNUMBER(G15)),E15/F15*G15,""),"") -> 50
B16: 7 | D16: 메인 | G16: =IFERROR(VLOOKUP(C16,'🥬 식재료 DB'!$C$7:$H$121,6,0),"") | H16: =IFERROR(IF(AND(C16<>"",ISNUMBER(E16),ISNUMBER(F16),F16>0,ISNUMBER(G16)),E16/F16*G16,""),"")
B17: 8 | D17: 메인 | G17: =IFERROR(VLOOKUP(C17,'🥬 식재료 DB'!$C$7:$H$121,6,0),"") | H17: =IFERROR(IF(AND(C17<>"",ISNUMBER(E17),ISNUMBER(F17),F17>0,ISNUMBER(G17)),E17/F17*G17,""),"")
B18: 9 | D18: 메인 | G18: =IFERROR(VLOOKUP(C18,'🥬 식재료 DB'!$C$7:$H$121,6,0),"") | H18: =IFERROR(IF(AND(C18<>"",ISNUMBER(E18),ISNUMBER(F18),F18>0,ISNUMBER(G18)),E18/F18*G18,""),"")
B19: 10 | D19: 메인 | G19: =IFERROR(VLOOKUP(C19,'🥬 식재료 DB'!$C$7:$H$121,6,0),"") | H19: =IFERROR(IF(AND(C19<>"",ISNUMBER(E19),ISNUMBER(F19),F19>0,ISNUMBER(G19)),E19/F19*G19,""),"")
B20: 11 | D20: 메인 | G20: =IFERROR(VLOOKUP(C20,'🥬 식재료 DB'!$C$7:$H$121,6,0),"") | H20: =IFERROR(IF(AND(C20<>"",ISNUMBER(E20),ISNUMBER(F20),F20>0,ISNUMBER(G20)),E20/F20*G20,""),"")
B21: 12 | D21: 메인 | G21: =IFERROR(VLOOKUP(C21,'🥬 식재료 DB'!$C$7:$H$121,6,0),"") | H21: =IFERROR(IF(AND(C21<>"",ISNUMBER(E21),ISNUMBER(F21),F21>0,ISNUMBER(G21)),E21/F21*G21,""),"")
B22: ▸ 프렙 재료 (반제품)
B23: 13 | C23: 커리 그레이비 소스 | D23: 프렙 | E23: 200 | F23: 1 | G23: =IFERROR(VLOOKUP(C23,'🧪 프렙 원가표'!$C$8:$D$18,2,0),IFERROR(VLOOKUP(C23,'🥬 식재료 DB'!$C$7:$H$121,6,0),"")) -> 2.9176238 | H23: =IFERROR(IF(AND(C23<>"",ISNUMBER(E23),ISNUMBER(F23),F23>0,ISNUMBER(G23)),E23/F23*G23,""),"") -> 583.52475
B24: 14 | D24: 프렙 | G24: =IFERROR(VLOOKUP(C24,'🧪 프렙 원가표'!$C$8:$D$18,2,0),IFERROR(VLOOKUP(C24,'🥬 식재료 DB'!$C$7:$H$121,6,0),"")) | H24: =IFERROR(IF(AND(C24<>"",ISNUMBER(E24),ISNUMBER(F24),F24>0,ISNUMBER(G24)),E24/F24*G24,""),"")
B25: 15 | D25: 프렙 | G25: =IFERROR(VLOOKUP(C25,'🧪 프렙 원가표'!$C$8:$D$18,2,0),IFERROR(VLOOKUP(C25,'🥬 식재료 DB'!$C$7:$H$121,6,0),"")) | H25: =IFERROR(IF(AND(C25<>"",ISNUMBER(E25),ISNUMBER(F25),F25>0,ISNUMBER(G25)),E25/F25*G25,""),"")
B26: 16 | D26: 프렙 | G26: =IFERROR(VLOOKUP(C26,'🧪 프렙 원가표'!$C$8:$D$18,2,0),IFERROR(VLOOKUP(C26,'🥬 식재료 DB'!$C$7:$H$121,6,0),"")) | H26: =IFERROR(IF(AND(C26<>"",ISNUMBER(E26),ISNUMBER(F26),F26>0,ISNUMBER(G26)),E26/F26*G26,""),"")
B27: 17 | D27: 프렙 | G27: =IFERROR(VLOOKUP(C27,'🧪 프렙 원가표'!$C$8:$D$18,2,0),IFERROR(VLOOKUP(C27,'🥬 식재료 DB'!$C$7:$H$121,6,0),"")) | H27: =IFERROR(IF(AND(C27<>"",ISNUMBER(E27),ISNUMBER(F27),F27>0,ISNUMBER(G27)),E27/F27*G27,""),"")
C29: 🍽 프라운커리 | E29: 13000 | F29: =IFERROR(SUM(H31,H32,H33,H34,H35,H36,H37,H38,H39,H40,H41,H42,H44,H45,H46,H47,H48),0) -> 1358.496 | G29: =IFERROR(E29*'💰 고정비용 DB'!$D$22/'💰 고정비용 DB'!$D$25,0) -> 8583.8619 | H29: =IFERROR(G29-F29,"") -> 7225.3658 | I29: =IFERROR(H29/E29,"") -> 0.55579737 | J29: =IF(I29="","⬜ 미입력",IF(I29<=0.2,"✅ 양호",IF(I29<=0.32,"🟡 주의","🔴 과다"))) -> 🔴 과다
B30: ▸ 메인 식재료
B31: 1 | C31: 찐새우살 | D31: 메인 | E31: 45 | F31: 1 | G31: =IFERROR(VLOOKUP(C31,'🥬 식재료 DB'!$C$7:$H$121,6,0),"") -> 16.666667 | H31: =IFERROR(IF(AND(C31<>"",ISNUMBER(E31),ISNUMBER(F31),F31>0,ISNUMBER(G31)),E31/F31*G31,""),"") -> 750
B32: 2 | C32: 토마토 | D32: 메인 | E32: 10 | F32: 1 | G32: =IFERROR(VLOOKUP(C32,'🥬 식재료 DB'!$C$7:$H$121,6,0),"") -> 6 | H32: =IFERROR(IF(AND(C32<>"",ISNUMBER(E32),ISNUMBER(F32),F32>0,ISNUMBER(G32)),E32/F32*G32,""),"") -> 60
B33: 3 | C33: 데어리쿠킹크림 | D33: 메인 | E33: 10 | F33: 1 | G33: =IFERROR(VLOOKUP(C33,'🥬 식재료 DB'!$C$7:$H$121,6,0),"") -> 4.25 | H33: =IFERROR(IF(AND(C33<>"",ISNUMBER(E33),ISNUMBER(F33),F33>0,ISNUMBER(G33)),E33/F33*G33,""),"") -> 42.5
B34: 4 | C34: 꽃소금 | D34: 메인 | E34: 10 | F34: 1 | G34: =IFERROR(VLOOKUP(C34,'🥬 식재료 DB'!$C$7:$H$121,6,0),"") -> 1 | H34: =IFERROR(IF(AND(C34<>"",ISNUMBER(E34),ISNUMBER(F34),F34>0,ISNUMBER(G34)),E34/F34*G34,""),"") -> 10
B35: 5 | C35: 기 | D35: 메인 | E35: 10 | F35: 1 | G35: =IFERROR(VLOOKUP(C35,'🥬 식재료 DB'!$C$7:$H$121,6,0),"") | H35: =IFERROR(IF(AND(C35<>"",ISNUMBER(E35),ISNUMBER(F35),F35>0,ISNUMBER(G35)),E35/F35*G35,""),"")
B36: 6 | D36: 메인 | G36: =IFERROR(VLOOKUP(C36,'🥬 식재료 DB'!$C$7:$H$121,6,0),"") | H36: =IFERROR(IF(AND(C36<>"",ISNUMBER(E36),ISNUMBER(F36),F36>0,ISNUMBER(G36)),E36/F36*G36,""),"")
B37: 7 | D37: 메인 | G37: =IFERROR(VLOOKUP(C37,'🥬 식재료 DB'!$C$7:$H$121,6,0),"") | H37: =IFERROR(IF(AND(C37<>"",ISNUMBER(E37),ISNUMBER(F37),F37>0,ISNUMBER(G37)),E37/F37*G37,""),"")
B38: 8 | D38: 메인 | G38: =IFERROR(VLOOKUP(C38,'🥬 식재료 DB'!$C$7:$H$121,6,0),"") | H38: =IFERROR(IF(AND(C38<>"",ISNUMBER(E38),ISNUMBER(F38),F38>0,ISNUMBER(G38)),E38/F38*G38,""),"")
B39: 9 | D39: 메인 | G39: =IFERROR(VLOOKUP(C39,'🥬 식재료 DB'!$C$7:$H$121,6,0),"") | H39: =IFERROR(IF(AND(C39<>"",ISNUMBER(E39),ISNUMBER(F39),F39>0,ISNUMBER(G39)),E39/F39*G39,""),"")
B40: 10 | D40: 메인 | G40: =IFERROR(VLOOKUP(C40,'🥬 식재료 DB'!$C$7:$H$121,6,0),"") | H40: =IFERROR(IF(AND(C40<>"",ISNUMBER(E40),ISNUMBER(F40),F40>0,ISNUMBER(G40)),E40/F40*G40,""),"")
B41: 11 | D41: 메인 | G41: =IFERROR(VLOOKUP(C41,'🥬 식재료 DB'!$C$7:$H$121,6,0),"") | H41: =IFERROR(IF(AND(C41<>"",ISNUMBER(E41),ISNUMBER(F41),F41>0,ISNUMBER(G41)),E41/F41*G41,""),"")
B42: 12 | D42: 메인 | G42: =IFERROR(VLOOKUP(C42,'🥬 식재료 DB'!$C$7:$H$121,6,0),"") | H42: =IFERROR(IF(AND(C42<>"",ISNUMBER(E42),ISNUMBER(F42),F42>0,ISNUMBER(G42)),E42/F42*G42,""),"")
B43: ▸ 프렙 재료 (반제품)
B44: 13 | C44: 커리 그레이비 소스 | D44: 프렙 | E44: 170 | F44: 1 | G44: =IFERROR(VLOOKUP(C44,'🧪 프렙 원가표'!$C$8:$D$18,2,0),IFERROR(VLOOKUP(C44,'🥬 식재료 DB'!$C$7:$H$121,6,0),"")) -> 2.9176238 | H44: =IFERROR(IF(AND(C44<>"",ISNUMBER(E44),ISNUMBER(F44),F44>0,ISNUMBER(G44)),E44/F44*G44,""),"") -> 495.99604
B45: 14 | D45: 프렙 | G45: =IFERROR(VLOOKUP(C45,'🧪 프렙 원가표'!$C$8:$D$18,2,0),IFERROR(VLOOKUP(C45,'🥬 식재료 DB'!$C$7:$H$121,6,0),"")) | H45: =IFERROR(IF(AND(C45<>"",ISNUMBER(E45),ISNUMBER(F45),F45>0,ISNUMBER(G45)),E45/F45*G45,""),"")
B46: 15 | D46: 프렙 | G46: =IFERROR(VLOOKUP(C46,'🧪 프렙 원가표'!$C$8:$D$18,2,0),IFERROR(VLOOKUP(C46,'🥬 식재료 DB'!$C$7:$H$121,6,0),"")) | H46: =IFERROR(IF(AND(C46<>"",ISNUMBER(E46),ISNUMBER(F46),F46>0,ISNUMBER(G46)),E46/F46*G46,""),"")
B47: 16 | D47: 프렙 | G47: =IFERROR(VLOOKUP(C47,'🧪 프렙 원가표'!$C$8:$D$18,2,0),IFERROR(VLOOKUP(C47,'🥬 식재료 DB'!$C$7:$H$121,6,0),"")) | H47: =IFERROR(IF(AND(C47<>"",ISNUMBER(E47),ISNUMBER(F47),F47>0,ISNUMBER(G47)),E47/F47*G47,""),"")
B48: 17 | D48: 프렙 | G48: =IFERROR(VLOOKUP(C48,'🧪 프렙 원가표'!$C$8:$D$18,2,0),IFERROR(VLOOKUP(C48,'🥬 식재료 DB'!$C$7:$H$121,6,0),"")) | H48: =IFERROR(IF(AND(C48<>"",ISNUMBER(E48),ISNUMBER(F48),F48>0,ISNUMBER(G48)),E48/F48*G48,""),"")
C50: 🍽 프라운 칠리 커리 | E50: 13000 | F50: =IFERROR(SUM(H52,H53,H54,H55,H56,H57,H58,H59,H60,H61,H62,H63,H65,H66,H67,H68,H69),0) -> 2029.3581 | G50: =IFERROR(E50*'💰 고정비용 DB'!$D$22/'💰 고정비용 DB'!$D$25,0) -> 8583.8619 | H50: =IFERROR(G50-F50,"") -> 6554.5038 | I50: =IFERROR(H50/E50,"") -> 0.5041926 | J50: =IF(I50="","⬜ 미입력",IF(I50<=0.2,"✅ 양호",IF(I50<=0.32,"🟡 주의","🔴 과다"))) -> 🔴 과다
B51: ▸ 메인 식재료
B52: 1 | C52: 찐새우살 | D52: 메인 | E52: 50 | F52: 1 | G52: =IFERROR(VLOOKUP(C52,'🥬 식재료 DB'!$C$7:$H$121,6,0),"") -> 16.666667 | H52: =IFERROR(IF(AND(C52<>"",ISNUMBER(E52),ISNUMBER(F52),F52>0,ISNUMBER(G52)),E52/F52*G52,""),"") -> 833.33333
B53: 2 | C53: 토마토 | D53: 메인 | E53: 10 | F53: 1 | G53: =IFERROR(VLOOKUP(C53,'🥬 식재료 DB'!$C$7:$H$121,6,0),"") -> 6 | H53: =IFERROR(IF(AND(C53<>"",ISNUMBER(E53),ISNUMBER(F53),F53>0,ISNUMBER(G53)),E53/F53*G53,""),"") -> 60
B54: 3 | C54: 데어리쿠킹크림 | D54: 메인 | E54: 10 | F54: 1 | G54: =IFERROR(VLOOKUP(C54,'🥬 식재료 DB'!$C$7:$H$121,6,0),"") -> 4.25 | H54: =IFERROR(IF(AND(C54<>"",ISNUMBER(E54),ISNUMBER(F54),F54>0,ISNUMBER(G54)),E54/F54*G54,""),"") -> 42.5
B55: 4 | C55: 꽃소금 | D55: 메인 | E55: 10 | F55: 1 | G55: =IFERROR(VLOOKUP(C55,'🥬 식재료 DB'!$C$7:$H$121,6,0),"") -> 1 | H55: =IFERROR(IF(AND(C55<>"",ISNUMBER(E55),ISNUMBER(F55),F55>0,ISNUMBER(G55)),E55/F55*G55,""),"") -> 10
B56: 5 | C56: 베트남(고추가루) | D56: 메인 | E56: 10 | F56: 1 | G56: =IFERROR(VLOOKUP(C56,'🥬 식재료 DB'!$C$7:$H$121,6,0),"") -> 18 | H56: =IFERROR(IF(AND(C56<>"",ISNUMBER(E56),ISNUMBER(F56),F56>0,ISNUMBER(G56)),E56/F56*G56,""),"") -> 180
B57: 6 | C57: 청양고추 | D57: 메인 | E57: 15 | F57: 1 | G57: =IFERROR(VLOOKUP(C57,'🥬 식재료 DB'!$C$7:$H$121,6,0),"") -> 14 | H57: =IFERROR(IF(AND(C57<>"",ISNUMBER(E57),ISNUMBER(F57),F57>0,ISNUMBER(G57)),E57/F57*G57,""),"") -> 210
B58: 7 | D58: 메인 | G58: =IFERROR(VLOOKUP(C58,'🥬 식재료 DB'!$C$7:$H$121,6,0),"") | H58: =IFERROR(IF(AND(C58<>"",ISNUMBER(E58),ISNUMBER(F58),F58>0,ISNUMBER(G58)),E58/F58*G58,""),"")
B59: 8 | D59: 메인 | G59: =IFERROR(VLOOKUP(C59,'🥬 식재료 DB'!$C$7:$H$121,6,0),"") | H59: =IFERROR(IF(AND(C59<>"",ISNUMBER(E59),ISNUMBER(F59),F59>0,ISNUMBER(G59)),E59/F59*G59,""),"")
B60: 9 | D60: 메인 | G60: =IFERROR(VLOOKUP(C60,'🥬 식재료 DB'!$C$7:$H$121,6,0),"") | H60: =IFERROR(IF(AND(C60<>"",ISNUMBER(E60),ISNUMBER(F60),F60>0,ISNUMBER(G60)),E60/F60*G60,""),"")
B61: 10 | D61: 메인 | G61: =IFERROR(VLOOKUP(C61,'🥬 식재료 DB'!$C$7:$H$121,6,0),"") | H61: =IFERROR(IF(AND(C61<>"",ISNUMBER(E61),ISNUMBER(F61),F61>0,ISNUMBER(G61)),E61/F61*G61,""),"")
B62: 11 | D62: 메인 | G62: =IFERROR(VLOOKUP(C62,'🥬 식재료 DB'!$C$7:$H$121,6,0),"") | H62: =IFERROR(IF(AND(C62<>"",ISNUMBER(E62),ISNUMBER(F62),F62>0,ISNUMBER(G62)),E62/F62*G62,""),"")
B63: 12 | D63: 메인 | G63: =IFERROR(VLOOKUP(C63,'🥬 식재료 DB'!$C$7:$H$121,6,0),"") | H63: =IFERROR(IF(AND(C63<>"",ISNUMBER(E63),ISNUMBER(F63),F63>0,ISNUMBER(G63)),E63/F63*G63,""),"")
B64: ▸ 프렙 재료 (반제품)
B65: 13 | C65: 커리 그레이비 소스 | D65: 프렙 | E65: 200 | F65: 1 | G65: =IFERROR(VLOOKUP(C65,'🧪 프렙 원가표'!$C$8:$D$18,2,0),IFERROR(VLOOKUP(C65,'🥬 식재료 DB'!$C$7:$H$121,6,0),"")) -> 2.9176238 | H65: =IFERROR(IF(AND(C65<>"",ISNUMBER(E65),ISNUMBER(F65),F65>0,ISNUMBER(G65)),E65/F65*G65,""),"") -> 583.52475
B66: 14 | C66: 치즈 | D66: 프렙 | E66: 10 | F66: 1 | G66: =IFERROR(VLOOKUP(C66,'🧪 프렙 원가표'!$C$8:$D$18,2,0),IFERROR(VLOOKUP(C66,'🥬 식재료 DB'!$C$7:$H$121,6,0),"")) -> 11 | H66: =IFERROR(IF(AND(C66<>"",ISNUMBER(E66),ISNUMBER(F66),F66>0,ISNUMBER(G66)),E66/F66*G66,""),"") -> 110
B67: 15 | D67: 프렙 | G67: =IFERROR(VLOOKUP(C67,'🧪 프렙 원가표'!$C$8:$D$18,2,0),IFERROR(VLOOKUP(C67,'🥬 식재료 DB'!$C$7:$H$121,6,0),"")) | H67: =IFERROR(IF(AND(C67<>"",ISNUMBER(E67),ISNUMBER(F67),F67>0,ISNUMBER(G67)),E67/F67*G67,""),"")
B68: 16 | D68: 프렙 | G68: =IFERROR(VLOOKUP(C68,'🧪 프렙 원가표'!$C$8:$D$18,2,0),IFERROR(VLOOKUP(C68,'🥬 식재료 DB'!$C$7:$H$121,6,0),"")) | H68: =IFERROR(IF(AND(C68<>"",ISNUMBER(E68),ISNUMBER(F68),F68>0,ISNUMBER(G68)),E68/F68*G68,""),"")
B69: 17 | D69: 프렙 | G69: =IFERROR(VLOOKUP(C69,'🧪 프렙 원가표'!$C$8:$D$18,2,0),IFERROR(VLOOKUP(C69,'🥬 식재료 DB'!$C$7:$H$121,6,0),"")) | H69: =IFERROR(IF(AND(C69<>"",ISNUMBER(E69),ISNUMBER(F69),F69>0,ISNUMBER(G69)),E69/F69*G69,""),"")
C71: 🍽 해산물 빈달루 | E71: 15000 | F71: =IFERROR(SUM(H73,H74,H75,H76,H77,H78,H79,H80,H81,H82,H83,H84,H86,H87,H88,H89,H90),0) -> 1877.6914 | G71: =IFERROR(E71*'💰 고정비용 DB'!$D$22/'💰 고정비용 DB'!$D$25,0) -> 9904.456 | H71: =IFERROR(G71-F71,"") -> 8026.7646 | I71: =IFERROR(H71/E71,"") -> 0.53511764 | J71: =IF(I71="","⬜ 미입력",IF(I71<=0.2,"✅ 양호",IF(I71<=0.32,"🟡 주의","🔴 과다"))) -> 🔴 과다
B72: ▸ 메인 식재료
B73: 1 | C73: 해물모듬 | D73: 메인 | E73: 100 | F73: 1 | G73: =IFERROR(VLOOKUP(C73,'🥬 식재료 DB'!$C$7:$H$121,6,0),"") -> 7.9166667 | H73: =IFERROR(IF(AND(C73<>"",ISNUMBER(E73),ISNUMBER(F73),F73>0,ISNUMBER(G73)),E73/F73*G73,""),"") -> 791.66667
B74: 2 | C74: 토마토 | D74: 메인 | E74: 10 | F74: 1 | G74: =IFERROR(VLOOKUP(C74,'🥬 식재료 DB'!$C$7:$H$121,6,0),"") -> 6 | H74: =IFERROR(IF(AND(C74<>"",ISNUMBER(E74),ISNUMBER(F74),F74>0,ISNUMBER(G74)),E74/F74*G74,""),"") -> 60
B75: 3 | C75: 데어리쿠킹크림 | D75: 메인 | E75: 10 | F75: 1 | G75: =IFERROR(VLOOKUP(C75,'🥬 식재료 DB'!$C$7:$H$121,6,0),"") -> 4.25 | H75: =IFERROR(IF(AND(C75<>"",ISNUMBER(E75),ISNUMBER(F75),F75>0,ISNUMBER(G75)),E75/F75*G75,""),"") -> 42.5
B76: 4 | C76: 꽃소금 | D76: 메인 | E76: 10 | F76: 1 | G76: =IFERROR(VLOOKUP(C76,'🥬 식재료 DB'!$C$7:$H$121,6,0),"") -> 1 | H76: =IFERROR(IF(AND(C76<>"",ISNUMBER(E76),ISNUMBER(F76),F76>0,ISNUMBER(G76)),E76/F76*G76,""),"") -> 10
B77: 5 | C77: 베트남(고추가루) | D77: 메인 | E77: 10 | F77: 1 | G77: =IFERROR(VLOOKUP(C77,'🥬 식재료 DB'!$C$7:$H$121,6,0),"") -> 18 | H77: =IFERROR(IF(AND(C77<>"",ISNUMBER(E77),ISNUMBER(F77),F77>0,ISNUMBER(G77)),E77/F77*G77,""),"") -> 180
B78: 6 | C78: 청양고추 | D78: 메인 | E78: 15 | F78: 1 | G78: =IFERROR(VLOOKUP(C78,'🥬 식재료 DB'!$C$7:$H$121,6,0),"") -> 14 | H78: =IFERROR(IF(AND(C78<>"",ISNUMBER(E78),ISNUMBER(F78),F78>0,ISNUMBER(G78)),E78/F78*G78,""),"") -> 210
B79: 7 | D79: 메인 | G79: =IFERROR(VLOOKUP(C79,'🥬 식재료 DB'!$C$7:$H$121,6,0),"") | H79: =IFERROR(IF(AND(C79<>"",ISNUMBER(E79),ISNUMBER(F79),F79>0,ISNUMBER(G79)),E79/F79*G79,""),"")
B80: 8 | D80: 메인 | G80: =IFERROR(VLOOKUP(C80,'🥬 식재료 DB'!$C$7:$H$121,6,0),"") | H80: =IFERROR(IF(AND(C80<>"",ISNUMBER(E80),ISNUMBER(F80),F80>0,ISNUMBER(G80)),E80/F80*G80,""),"")
B81: 9 | D81: 메인 | G81: =IFERROR(VLOOKUP(C81,'🥬 식재료 DB'!$C$7:$H$121,6,0),"") | H81: =IFERROR(IF(AND(C81<>"",ISNUMBER(E81),ISNUMBER(F81),F81>0,ISNUMBER(G81)),E81/F81*G81,""),"")
B82: 10 | D82: 메인 | G82: =IFERROR(VLOOKUP(C82,'🥬 식재료 DB'!$C$7:$H$121,6,0),"") | H82: =IFERROR(IF(AND(C82<>"",ISNUMBER(E82),ISNUMBER(F82),F82>0,ISNUMBER(G82)),E82/F82*G82,""),"")
B83: 11 | D83: 메인 | G83: =IFERROR(VLOOKUP(C83,'🥬 식재료 DB'!$C$7:$H$121,6,0),"") | H83: =IFERROR(IF(AND(C83<>"",ISNUMBER(E83),ISNUMBER(F83),F83>0,ISNUMBER(G83)),E83/F83*G83,""),"")
B84: 12 | D84: 메인 | G84: =IFERROR(VLOOKUP(C84,'🥬 식재료 DB'!$C$7:$H$121,6,0),"") | H84: =IFERROR(IF(AND(C84<>"",ISNUMBER(E84),ISNUMBER(F84),F84>0,ISNUMBER(G84)),E84/F84*G84,""),"")
B85: ▸ 프렙 재료 (반제품)
B86: 13 | C86: 커리 그레이비 소스 | D86: 프렙 | E86: 200 | F86: 1 | G86: =IFERROR(VLOOKUP(C86,'🧪 프렙 원가표'!$C$8:$D$18,2,0),IFERROR(VLOOKUP(C86,'🥬 식재료 DB'!$C$7:$H$121,6,0),"")) -> 2.9176238 | H86: =IFERROR(IF(AND(C86<>"",ISNUMBER(E86),ISNUMBER(F86),F86>0,ISNUMBER(G86)),E86/F86*G86,""),"") -> 583.52475
B87: 14 | D87: 프렙 | G87: =IFERROR(VLOOKUP(C87,'🧪 프렙 원가표'!$C$8:$D$18,2,0),IFERROR(VLOOKUP(C87,'🥬 식재료 DB'!$C$7:$H$121,6,0),"")) | H87: =IFERROR(IF(AND(C87<>"",ISNUMBER(E87),ISNUMBER(F87),F87>0,ISNUMBER(G87)),E87/F87*G87,""),"")
B88: 15 | D88: 프렙 | G88: =IFERROR(VLOOKUP(C88,'🧪 프렙 원가표'!$C$8:$D$18,2,0),IFERROR(VLOOKUP(C88,'🥬 식재료 DB'!$C$7:$H$121,6,0),"")) | H88: =IFERROR(IF(AND(C88<>"",ISNUMBER(E88),ISNUMBER(F88),F88>0,ISNUMBER(G88)),E88/F88*G88,""),"")
B89: 16 | D89: 프렙 | G89: =IFERROR(VLOOKUP(C89,'🧪 프렙 원가표'!$C$8:$D$18,2,0),IFERROR(VLOOKUP(C89,'🥬 식재료 DB'!$C$7:$H$121,6,0),"")) | H89: =IFERROR(IF(AND(C89<>"",ISNUMBER(E89),ISNUMBER(F89),F89>0,ISNUMBER(G89)),E89/F89*G89,""),"")
B90: 17 | D90: 프렙 | G90: =IFERROR(VLOOKUP(C90,'🧪 프렙 원가표'!$C$8:$D$18,2,0),IFERROR(VLOOKUP(C90,'🥬 식재료 DB'!$C$7:$H$121,6,0),"")) | H90: =IFERROR(IF(AND(C90<>"",ISNUMBER(E90),ISNUMBER(F90),F90>0,ISNUMBER(G90)),E90/F90*G90,""),"")

Sheet 🥦 야채·달 커리
B2: EVEREST RESTAURANT GROUP · 🥦 야채·달 커리 원가 계산표
B4: 📌 녹색=자동계산 노란색=입력값 | 식재료 DB/고정비용 DB 수정 시 자동 갱신됩니다.
B5: 📌 ▣ 색상 헤더 행: E=판매가 F=식재료원가 G=고정비용배분 H=총원가 I=총원가율 J=판정
B7: No. | C7: 식재료명 | D7: 구분 | E7: 사용량(g) | F7: 수율(%) | G7: g당 단가(원) | H7: 재료 원가(원) | I7: 비고
C8: 🍽 머라이 코프타 | E8: 13000 | F8: =IFERROR(SUM(H10,H11,H12,H13,H14,H15,H16,H17,H18,H19,H20,H21,H23,H24,H25,H26,H27),0) -> 1411.8471 | G8: =IFERROR(E8*'💰 고정비용 DB'!$D$22/'💰 고정비용 DB'!$D$25,0) -> 8583.8619 | H8: =IFERROR(G8-F8,"") -> 7172.0147 | I8: =IFERROR(H8/E8,"") -> 0.55169344 | J8: =IF(I8="","⬜ 미입력",IF(I8<=0.2,"✅ 양호",IF(I8<=0.32,"🟡 주의","🔴 과다"))) -> 🔴 과다
B9: ▸ 메인 식재료
B10: 1 | C10: 감자 | D10: 메인 | E10: 50 | F10: 1 | G10: =IFERROR(VLOOKUP(C10,'🥬 식재료 DB'!$C$7:$H$121,6,0),"") -> 1.75 | H10: =IFERROR(IF(AND(C10<>"",ISNUMBER(E10),ISNUMBER(F10),F10>0,ISNUMBER(G10)),E10/F10*G10,""),"") -> 87.5
B11: 2 | C11: 캐슈넛 | D11: 메인 | E11: 10 | F11: 1 | G11: =IFERROR(VLOOKUP(C11,'🥬 식재료 DB'!$C$7:$H$121,6,0),"") -> 12.894737 | H11: =IFERROR(IF(AND(C11<>"",ISNUMBER(E11),ISNUMBER(F11),F11>0,ISNUMBER(G11)),E11/F11*G11,""),"") -> 128.94737
B12: 3 | C12: 중2등급 밀가루 | D12: 메인 | E12: 5 | F12: 1 | G12: =IFERROR(VLOOKUP(C12,'🥬 식재료 DB'!$C$7:$H$121,6,0),"") -> 0.75 | H12: =IFERROR(IF(AND(C12<>"",ISNUMBER(E12),ISNUMBER(F12),F12>0,ISNUMBER(G12)),E12/F12*G12,""),"") -> 3.75
B13: 4 | C13: 토마토 | D13: 메인 | E13: 10 | F13: 1 | G13: =IFERROR(VLOOKUP(C13,'🥬 식재료 DB'!$C$7:$H$121,6,0),"") -> 6 | H13: =IFERROR(IF(AND(C13<>"",ISNUMBER(E13),ISNUMBER(F13),F13>0,ISNUMBER(G13)),E13/F13*G13,""),"") -> 60
B14: 5 | C14: 설탕 | D14: 메인 | E14: 30 | F14: 1 | G14: =IFERROR(VLOOKUP(C14,'🥬 식재료 DB'!$C$7:$H$121,6,0),"") -> 1.3333333 | H14: =IFERROR(IF(AND(C14<>"",ISNUMBER(E14),ISNUMBER(F14),F14>0,ISNUMBER(G14)),E14/F14*G14,""),"") -> 40
B15: 6 | C15: 데어리쿠킹크림 | D15: 메인 | E15: 30 | F15: 1 | G15: =IFERROR(VLOOKUP(C15,'🥬 식재료 DB'!$C$7:$H$121,6,0),"") -> 4.25 | H15: =IFERROR(IF(AND(C15<>"",ISNUMBER(E15),ISNUMBER(F15),F15>0,ISNUMBER(G15)),E15/F15*G15,""),"") -> 127.5
B16: 7 | C16: 꽃소금 | D16: 메인 | E16: 15 | F16: 1 | G16: =IFERROR(VLOOKUP(C16,'🥬 식재료 DB'!$C$7:$H$121,6,0),"") -> 1 | H16: =IFERROR(IF(AND(C16<>"",ISNUMBER(E16),ISNUMBER(F16),F16>0,ISNUMBER(G16)),E16/F16*G16,""),"") -> 15
B17: 8 | C17: ASEEL PURE GHEE | D17: 메인 | E17: 5 | F17: 1 | G17: =IFERROR(VLOOKUP(C17,'🥬 식재료 DB'!$C$7:$H$121,6,0),"") -> 18.125 | H17: =IFERROR(IF(AND(C17<>"",ISNUMBER(E17),ISNUMBER(F17),F17>0,ISNUMBER(G17)),E17/F17*G17,""),"") -> 90.625
B18: 9 | D18: 메인 | G18: =IFERROR(VLOOKUP(C18,'🥬 식재료 DB'!$C$7:$H$121,6,0),"") | H18: =IFERROR(IF(AND(C18<>"",ISNUMBER(E18),ISNUMBER(F18),F18>0,ISNUMBER(G18)),E18/F18*G18,""),"")
B19: 10 | D19: 메인 | G19: =IFERROR(VLOOKUP(C19,'🥬 식재료 DB'!$C$7:$H$121,6,0),"") | H19: =IFERROR(IF(AND(C19<>"",ISNUMBER(E19),ISNUMBER(F19),F19>0,ISNUMBER(G19)),E19/F19*G19,""),"")
B20: 11 | D20: 메인 | G20: =IFERROR(VLOOKUP(C20,'🥬 식재료 DB'!$C$7:$H$121,6,0),"") | H20: =IFERROR(IF(AND(C20<>"",ISNUMBER(E20),ISNUMBER(F20),F20>0,ISNUMBER(G20)),E20/F20*G20,""),"")
B21: 12 | D21: 메인 | G21: =IFERROR(VLOOKUP(C21,'🥬 식재료 DB'!$C$7:$H$121,6,0),"") | H21: =IFERROR(IF(AND(C21<>"",ISNUMBER(E21),ISNUMBER(F21),F21>0,ISNUMBER(G21)),E21/F21*G21,""),"")
B22: ▸ 프렙 재료 (반제품)
B23: 13 | C23: 커리 그레이비 소스 | D23: 프렙 | E23: 200 | F23: 1 | G23: =IFERROR(VLOOKUP(C23,'🧪 프렙 원가표'!$C$8:$D$18,2,0),IFERROR(VLOOKUP(C23,'🥬 식재료 DB'!$C$7:$H$121,6,0),"")) -> 2.9176238 | H23: =IFERROR(IF(AND(C23<>"",ISNUMBER(E23),ISNUMBER(F23),F23>0,ISNUMBER(G23)),E23/F23*G23,""),"") -> 583.52475
B24: 14 | C24: 치즈 | D24: 프렙 | E24: 25 | F24: 1 | G24: =IFERROR(VLOOKUP(C24,'🧪 프렙 원가표'!$C$8:$D$18,2,0),IFERROR(VLOOKUP(C24,'🥬 식재료 DB'!$C$7:$H$121,6,0),"")) -> 11 | H24: =IFERROR(IF(AND(C24<>"",ISNUMBER(E24),ISNUMBER(F24),F24>0,ISNUMBER(G24)),E24/F24*G24,""),"") -> 275
B25: 15 | D25: 프렙 | G25: =IFERROR(VLOOKUP(C25,'🧪 프렙 원가표'!$C$8:$D$18,2,0),IFERROR(VLOOKUP(C25,'🥬 식재료 DB'!$C$7:$H$121,6,0),"")) | H25: =IFERROR(IF(AND(C25<>"",ISNUMBER(E25),ISNUMBER(F25),F25>0,ISNUMBER(G25)),E25/F25*G25,""),"")
B26: 16 | D26: 프렙 | G26: =IFERROR(VLOOKUP(C26,'🧪 프렙 원가표'!$C$8:$D$18,2,0),IFERROR(VLOOKUP(C26,'🥬 식재료 DB'!$C$7:$H$121,6,0),"")) | H26: =IFERROR(IF(AND(C26<>"",ISNUMBER(E26),ISNUMBER(F26),F26>0,ISNUMBER(G26)),E26/F26*G26,""),"")
B27: 17 | D27: 프렙 | G27: =IFERROR(VLOOKUP(C27,'🧪 프렙 원가표'!$C$8:$D$18,2,0),IFERROR(VLOOKUP(C27,'🥬 식재료 DB'!$C$7:$H$121,6,0),"")) | H27: =IFERROR(IF(AND(C27<>"",ISNUMBER(E27),ISNUMBER(F27),F27>0,ISNUMBER(G27)),E27/F27*G27,""),"")
C29: 🍽 퍼니르 버터 마살라 | E29: 13000 | F29: =IFERROR(SUM(H31,H32,H33,H34,H35,H36,H37,H38,H39,H40,H41,H42,H44,H45,H46,H47,H48),0) -> 1612.2748 | G29: =IFERROR(E29*'💰 고정비용 DB'!$D$22/'💰 고정비용 DB'!$D$25,0) -> 8583.8619 | H29: =IFERROR(G29-F29,"") -> 6971.5871 | I29: =IFERROR(H29/E29,"") -> 0.53627593 | J29: =IF(I29="","⬜ 미입력",IF(I29<=0.2,"✅ 양호",IF(I29<=0.32,"🟡 주의","🔴 과다"))) -> 🔴 과다
B30: ▸ 메인 식재료
B31: 1 | C31: 토마토 | D31: 메인 | E31: 10 | F31: 1 | G31: =IFERROR(VLOOKUP(C31,'🥬 식재료 DB'!$C$7:$H$121,6,0),"") -> 6 | H31: =IFERROR(IF(AND(C31<>"",ISNUMBER(E31),ISNUMBER(F31),F31>0,ISNUMBER(G31)),E31/F31*G31,""),"") -> 60
B32: 2 | C32: 설탕 | D32: 메인 | E32: 30 | F32: 1 | G32: =IFERROR(VLOOKUP(C32,'🥬 식재료 DB'!$C$7:$H$121,6,0),"") -> 1.3333333 | H32: =IFERROR(IF(AND(C32<>"",ISNUMBER(E32),ISNUMBER(F32),F32>0,ISNUMBER(G32)),E32/F32*G32,""),"") -> 40
B33: 3 | C33: 데어리쿠킹크림 | D33: 메인 | E33: 30 | F33: 1 | G33: =IFERROR(VLOOKUP(C33,'🥬 식재료 DB'!$C$7:$H$121,6,0),"") -> 4.25 | H33: =IFERROR(IF(AND(C33<>"",ISNUMBER(E33),ISNUMBER(F33),F33>0,ISNUMBER(G33)),E33/F33*G33,""),"") -> 127.5
B34: 4 | C34: 꽃소금 | D34: 메인 | E34: 15 | F34: 1 | G34: =IFERROR(VLOOKUP(C34,'🥬 식재료 DB'!$C$7:$H$121,6,0),"") -> 1 | H34: =IFERROR(IF(AND(C34<>"",ISNUMBER(E34),ISNUMBER(F34),F34>0,ISNUMBER(G34)),E34/F34*G34,""),"") -> 15
B35: 5 | C35: ASEEL PURE GHEE | D35: 메인 | E35: 10 | F35: 1 | G35: =IFERROR(VLOOKUP(C35,'🥬 식재료 DB'!$C$7:$H$121,6,0),"") -> 18.125 | H35: =IFERROR(IF(AND(C35<>"",ISNUMBER(E35),ISNUMBER(F35),F35>0,ISNUMBER(G35)),E35/F35*G35,""),"") -> 181.25
B36: 6 | D36: 메인 | G36: =IFERROR(VLOOKUP(C36,'🥬 식재료 DB'!$C$7:$H$121,6,0),"") | H36: =IFERROR(IF(AND(C36<>"",ISNUMBER(E36),ISNUMBER(F36),F36>0,ISNUMBER(G36)),E36/F36*G36,""),"")
B37: 7 | D37: 메인 | G37: =IFERROR(VLOOKUP(C37,'🥬 식재료 DB'!$C$7:$H$121,6,0),"") | H37: =IFERROR(IF(AND(C37<>"",ISNUMBER(E37),ISNUMBER(F37),F37>0,ISNUMBER(G37)),E37/F37*G37,""),"")
B38: 8 | D38: 메인 | G38: =IFERROR(VLOOKUP(C38,'🥬 식재료 DB'!$C$7:$H$121,6,0),"") | H38: =IFERROR(IF(AND(C38<>"",ISNUMBER(E38),ISNUMBER(F38),F38>0,ISNUMBER(G38)),E38/F38*G38,""),"")
B39: 9 | D39: 메인 | G39: =IFERROR(VLOOKUP(C39,'🥬 식재료 DB'!$C$7:$H$121,6,0),"") | H39: =IFERROR(IF(AND(C39<>"",ISNUMBER(E39),ISNUMBER(F39),F39>0,ISNUMBER(G39)),E39/F39*G39,""),"")
B40: 10 | D40: 메인 | G40: =IFERROR(VLOOKUP(C40,'🥬 식재료 DB'!$C$7:$H$121,6,0),"") | H40: =IFERROR(IF(AND(C40<>"",ISNUMBER(E40),ISNUMBER(F40),F40>0,ISNUMBER(G40)),E40/F40*G40,""),"")
B41: 11 | D41: 메인 | G41: =IFERROR(VLOOKUP(C41,'🥬 식재료 DB'!$C$7:$H$121,6,0),"") | H41: =IFERROR(IF(AND(C41<>"",ISNUMBER(E41),ISNUMBER(F41),F41>0,ISNUMBER(G41)),E41/F41*G41,""),"")
B42: 12 | D42: 메인 | G42: =IFERROR(VLOOKUP(C42,'🥬 식재료 DB'!$C$7:$H$121,6,0),"") | H42: =IFERROR(IF(AND(C42<>"",ISNUMBER(E42),ISNUMBER(F42),F42>0,ISNUMBER(G42)),E42/F42*G42,""),"")
B43: ▸ 프렙 재료 (반제품)
B44: 13 | C44: 치즈 | D44: 프렙 | E44: 55 | F44: 1 | G44: =IFERROR(VLOOKUP(C44,'🧪 프렙 원가표'!$C$8:$D$18,2,0),IFERROR(VLOOKUP(C44,'🥬 식재료 DB'!$C$7:$H$121,6,0),"")) -> 11 | H44: =IFERROR(IF(AND(C44<>"",ISNUMBER(E44),ISNUMBER(F44),F44>0,ISNUMBER(G44)),E44/F44*G44,""),"") -> 605
B45: 14 | C45: 커리 그레이비 소스 | D45: 프렙 | E45: 200 | F45: 1 | G45: =IFERROR(VLOOKUP(C45,'🧪 프렙 원가표'!$C$8:$D$18,2,0),IFERROR(VLOOKUP(C45,'🥬 식재료 DB'!$C$7:$H$121,6,0),"")) -> 2.9176238 | H45: =IFERROR(IF(AND(C45<>"",ISNUMBER(E45),ISNUMBER(F45),F45>0,ISNUMBER(G45)),E45/F45*G45,""),"") -> 583.52475
B46: 15 | D46: 프렙 | G46: =IFERROR(VLOOKUP(C46,'🧪 프렙 원가표'!$C$8:$D$18,2,0),IFERROR(VLOOKUP(C46,'🥬 식재료 DB'!$C$7:$H$121,6,0),"")) | H46: =IFERROR(IF(AND(C46<>"",ISNUMBER(E46),ISNUMBER(F46),F46>0,ISNUMBER(G46)),E46/F46*G46,""),"")
B47: 16 | D47: 프렙 | G47: =IFERROR(VLOOKUP(C47,'🧪 프렙 원가표'!$C$8:$D$18,2,0),IFERROR(VLOOKUP(C47,'🥬 식재료 DB'!$C$7:$H$121,6,0),"")) | H47: =IFERROR(IF(AND(C47<>"",ISNUMBER(E47),ISNUMBER(F47),F47>0,ISNUMBER(G47)),E47/F47*G47,""),"")
B48: 17 | D48: 프렙 | G48: =IFERROR(VLOOKUP(C48,'🧪 프렙 원가표'!$C$8:$D$18,2,0),IFERROR(VLOOKUP(C48,'🥬 식재료 DB'!$C$7:$H$121,6,0),"")) | H48: =IFERROR(IF(AND(C48<>"",ISNUMBER(E48),ISNUMBER(F48),F48>0,ISNUMBER(G48)),E48/F48*G48,""),"")
C50: 🍽 펄럭 퍼니르 | E50: 13000 | F50: =IFERROR(SUM(H52,H53,H54,H55,H56,H57,H58,H59,H60,H61,H62,H63,H65,H66,H67,H68,H69),0) -> 1875.6298 | G50: =IFERROR(E50*'💰 고정비용 DB'!$D$22/'💰 고정비용 DB'!$D$25,0) -> 8583.8619 | H50: =IFERROR(G50-F50,"") -> 6708.2321 | I50: =IFERROR(H50/E50,"") -> 0.51601785 | J50: =IF(I50="","⬜ 미입력",IF(I50<=0.2,"✅ 양호",IF(I50<=0.32,"🟡 주의","🔴 과다"))) -> 🔴 과다
B51: ▸ 메인 식재료
B52: 1 | C52: 데어리쿠킹크림 | D52: 메인 | E52: 10 | F52: 1 | G52: =IFERROR(VLOOKUP(C52,'🥬 식재료 DB'!$C$7:$H$121,6,0),"") -> 4.25 | H52: =IFERROR(IF(AND(C52<>"",ISNUMBER(E52),ISNUMBER(F52),F52>0,ISNUMBER(G52)),E52/F52*G52,""),"") -> 42.5
B53: 2 | D53: 메인 | G53: =IFERROR(VLOOKUP(C53,'🥬 식재료 DB'!$C$7:$H$121,6,0),"") | H53: =IFERROR(IF(AND(C53<>"",ISNUMBER(E53),ISNUMBER(F53),F53>0,ISNUMBER(G53)),E53/F53*G53,""),"")
B54: 3 | D54: 메인 | G54: =IFERROR(VLOOKUP(C54,'🥬 식재료 DB'!$C$7:$H$121,6,0),"") | H54: =IFERROR(IF(AND(C54<>"",ISNUMBER(E54),ISNUMBER(F54),F54>0,ISNUMBER(G54)),E54/F54*G54,""),"")
B55: 4 | D55: 메인 | G55: =IFERROR(VLOOKUP(C55,'🥬 식재료 DB'!$C$7:$H$121,6,0),"") | H55: =IFERROR(IF(AND(C55<>"",ISNUMBER(E55),ISNUMBER(F55),F55>0,ISNUMBER(G55)),E55/F55*G55,""),"")
B56: 5 | D56: 메인 | G56: =IFERROR(VLOOKUP(C56,'🥬 식재료 DB'!$C$7:$H$121,6,0),"") | H56: =IFERROR(IF(AND(C56<>"",ISNUMBER(E56),ISNUMBER(F56),F56>0,ISNUMBER(G56)),E56/F56*G56,""),"")
B57: 6 | D57: 메인 | G57: =IFERROR(VLOOKUP(C57,'🥬 식재료 DB'!$C$7:$H$121,6,0),"") | H57: =IFERROR(IF(AND(C57<>"",ISNUMBER(E57),ISNUMBER(F57),F57>0,ISNUMBER(G57)),E57/F57*G57,""),"")
B58: 7 | D58: 메인 | G58: =IFERROR(VLOOKUP(C58,'🥬 식재료 DB'!$C$7:$H$121,6,0),"") | H58: =IFERROR(IF(AND(C58<>"",ISNUMBER(E58),ISNUMBER(F58),F58>0,ISNUMBER(G58)),E58/F58*G58,""),"")
B59: 8 | D59: 메인 | G59: =IFERROR(VLOOKUP(C59,'🥬 식재료 DB'!$C$7:$H$121,6,0),"") | H59: =IFERROR(IF(AND(C59<>"",ISNUMBER(E59),ISNUMBER(F59),F59>0,ISNUMBER(G59)),E59/F59*G59,""),"")
B60: 9 | D60: 메인 | G60: =IFERROR(VLOOKUP(C60,'🥬 식재료 DB'!$C$7:$H$121,6,0),"") | H60: =IFERROR(IF(AND(C60<>"",ISNUMBER(E60),ISNUMBER(F60),F60>0,ISNUMBER(G60)),E60/F60*G60,""),"")
B61: 10 | D61: 메인 | G61: =IFERROR(VLOOKUP(C61,'🥬 식재료 DB'!$C$7:$H$121,6,0),"") | H61: =IFERROR(IF(AND(C61<>"",ISNUMBER(E61),ISNUMBER(F61),F61>0,ISNUMBER(G61)),E61/F61*G61,""),"")
B62: 11 | D62: 메인 | G62: =IFERROR(VLOOKUP(C62,'🥬 식재료 DB'!$C$7:$H$121,6,0),"") | H62: =IFERROR(IF(AND(C62<>"",ISNUMBER(E62),ISNUMBER(F62),F62>0,ISNUMBER(G62)),E62/F62*G62,""),"")
B63: 12 | D63: 메인 | G63: =IFERROR(VLOOKUP(C63,'🥬 식재료 DB'!$C$7:$H$121,6,0),"") | H63: =IFERROR(IF(AND(C63<>"",ISNUMBER(E63),ISNUMBER(F63),F63>0,ISNUMBER(G63)),E63/F63*G63,""),"")
B64: ▸ 프렙 재료 (반제품)
B65: 13 | C65: 펄럭(시금치) 소스 | D65: 프렙 | E65: 200 | F65: 1 | G65: =IFERROR(VLOOKUP(C65,'🧪 프렙 원가표'!$C$8:$D$18,2,0),IFERROR(VLOOKUP(C65,'🥬 식재료 DB'!$C$7:$H$121,6,0),"")) -> 6.9656489 | H65: =IFERROR(IF(AND(C65<>"",ISNUMBER(E65),ISNUMBER(F65),F65>0,ISNUMBER(G65)),E65/F65*G65,""),"") -> 1393.1298
B66: 14 | C66: 치즈 | D66: 프렙 | E66: 40 | F66: 1 | G66: =IFERROR(VLOOKUP(C66,'🧪 프렙 원가표'!$C$8:$D$18,2,0),IFERROR(VLOOKUP(C66,'🥬 식재료 DB'!$C$7:$H$121,6,0),"")) -> 11 | H66: =IFERROR(IF(AND(C66<>"",ISNUMBER(E66),ISNUMBER(F66),F66>0,ISNUMBER(G66)),E66/F66*G66,""),"") -> 440
B67: 15 | D67: 프렙 | G67: =IFERROR(VLOOKUP(C67,'🧪 프렙 원가표'!$C$8:$D$18,2,0),IFERROR(VLOOKUP(C67,'🥬 식재료 DB'!$C$7:$H$121,6,0),"")) | H67: =IFERROR(IF(AND(C67<>"",ISNUMBER(E67),ISNUMBER(F67),F67>0,ISNUMBER(G67)),E67/F67*G67,""),"")
B68: 16 | D68: 프렙 | G68: =IFERROR(VLOOKUP(C68,'🧪 프렙 원가표'!$C$8:$D$18,2,0),IFERROR(VLOOKUP(C68,'🥬 식재료 DB'!$C$7:$H$121,6,0),"")) | H68: =IFERROR(IF(AND(C68<>"",ISNUMBER(E68),ISNUMBER(F68),F68>0,ISNUMBER(G68)),E68/F68*G68,""),"")
B69: 17 | D69: 프렙 | G69: =IFERROR(VLOOKUP(C69,'🧪 프렙 원가표'!$C$8:$D$18,2,0),IFERROR(VLOOKUP(C69,'🥬 식재료 DB'!$C$7:$H$121,6,0),"")) | H69: =IFERROR(IF(AND(C69<>"",ISNUMBER(E69),ISNUMBER(F69),F69>0,ISNUMBER(G69)),E69/F69*G69,""),"")
C71: 🍽 알루 펄럭 | E71: 12000 | F71: =IFERROR(SUM(H73,H74,H75,H76,H77,H78,H79,H80,H81,H82,H83,H84,H86,H87,H88,H89,H90),0) -> 1678.1298 | G71: =IFERROR(E71*'💰 고정비용 DB'!$D$22/'💰 고정비용 DB'!$D$25,0) -> 7923.5648 | H71: =IFERROR(G71-F71,"") -> 6245.435 | I71: =IFERROR(H71/E71,"") -> 0.52045292 | J71: =IF(I71="","⬜ 미입력",IF(I71<=0.2,"✅ 양호",IF(I71<=0.32,"🟡 주의","🔴 과다"))) -> 🔴 과다
B72: ▸ 메인 식재료
B73: 1 | C73: 감자 | D73: 메인 | E73: 100 | F73: 1 | G73: =IFERROR(VLOOKUP(C73,'🥬 식재료 DB'!$C$7:$H$121,6,0),"") -> 1.75 | H73: =IFERROR(IF(AND(C73<>"",ISNUMBER(E73),ISNUMBER(F73),F73>0,ISNUMBER(G73)),E73/F73*G73,""),"") -> 175
B74: 2 | D74: 메인 | G74: =IFERROR(VLOOKUP(C74,'🥬 식재료 DB'!$C$7:$H$121,6,0),"") | H74: =IFERROR(IF(AND(C74<>"",ISNUMBER(E74),ISNUMBER(F74),F74>0,ISNUMBER(G74)),E74/F74*G74,""),"")
B75: 3 | D75: 메인 | G75: =IFERROR(VLOOKUP(C75,'🥬 식재료 DB'!$C$7:$H$121,6,0),"") | H75: =IFERROR(IF(AND(C75<>"",ISNUMBER(E75),ISNUMBER(F75),F75>0,ISNUMBER(G75)),E75/F75*G75,""),"")
B76: 4 | D76: 메인 | G76: =IFERROR(VLOOKUP(C76,'🥬 식재료 DB'!$C$7:$H$121,6,0),"") | H76: =IFERROR(IF(AND(C76<>"",ISNUMBER(E76),ISNUMBER(F76),F76>0,ISNUMBER(G76)),E76/F76*G76,""),"")
B77: 5 | D77: 메인 | G77: =IFERROR(VLOOKUP(C77,'🥬 식재료 DB'!$C$7:$H$121,6,0),"") | H77: =IFERROR(IF(AND(C77<>"",ISNUMBER(E77),ISNUMBER(F77),F77>0,ISNUMBER(G77)),E77/F77*G77,""),"")
B78: 6 | D78: 메인 | G78: =IFERROR(VLOOKUP(C78,'🥬 식재료 DB'!$C$7:$H$121,6,0),"") | H78: =IFERROR(IF(AND(C78<>"",ISNUMBER(E78),ISNUMBER(F78),F78>0,ISNUMBER(G78)),E78/F78*G78,""),"")
B79: 7 | D79: 메인 | G79: =IFERROR(VLOOKUP(C79,'🥬 식재료 DB'!$C$7:$H$121,6,0),"") | H79: =IFERROR(IF(AND(C79<>"",ISNUMBER(E79),ISNUMBER(F79),F79>0,ISNUMBER(G79)),E79/F79*G79,""),"")
B80: 8 | D80: 메인 | G80: =IFERROR(VLOOKUP(C80,'🥬 식재료 DB'!$C$7:$H$121,6,0),"") | H80: =IFERROR(IF(AND(C80<>"",ISNUMBER(E80),ISNUMBER(F80),F80>0,ISNUMBER(G80)),E80/F80*G80,""),"")
B81: 9 | D81: 메인 | G81: =IFERROR(VLOOKUP(C81,'🥬 식재료 DB'!$C$7:$H$121,6,0),"") | H81: =IFERROR(IF(AND(C81<>"",ISNUMBER(E81),ISNUMBER(F81),F81>0,ISNUMBER(G81)),E81/F81*G81,""),"")
B82: 10 | D82: 메인 | G82: =IFERROR(VLOOKUP(C82,'🥬 식재료 DB'!$C$7:$H$121,6,0),"") | H82: =IFERROR(IF(AND(C82<>"",ISNUMBER(E82),ISNUMBER(F82),F82>0,ISNUMBER(G82)),E82/F82*G82,""),"")
B83: 11 | D83: 메인 | G83: =IFERROR(VLOOKUP(C83,'🥬 식재료 DB'!$C$7:$H$121,6,0),"") | H83: =IFERROR(IF(AND(C83<>"",ISNUMBER(E83),ISNUMBER(F83),F83>0,ISNUMBER(G83)),E83/F83*G83,""),"")
B84: 12 | D84: 메인 | G84: =IFERROR(VLOOKUP(C84,'🥬 식재료 DB'!$C$7:$H$121,6,0),"") | H84: =IFERROR(IF(AND(C84<>"",ISNUMBER(E84),ISNUMBER(F84),F84>0,ISNUMBER(G84)),E84/F84*G84,""),"")
B85: ▸ 프렙 재료 (반제품)
B86: 13 | C86: 펄럭(시금치) 소스 | D86: 프렙 | E86: 200 | F86: 1 | G86: =IFERROR(VLOOKUP(C86,'🧪 프렙 원가표'!$C$8:$D$18,2,0),IFERROR(VLOOKUP(C86,'🥬 식재료 DB'!$C$7:$H$121,6,0),"")) -> 6.9656489 | H86: =IFERROR(IF(AND(C86<>"",ISNUMBER(E86),ISNUMBER(F86),F86>0,ISNUMBER(G86)),E86/F86*G86,""),"") -> 1393.1298
B87: 14 | C87: 치즈 | D87: 프렙 | E87: 10 | F87: 1 | G87: =IFERROR(VLOOKUP(C87,'🧪 프렙 원가표'!$C$8:$D$18,2,0),IFERROR(VLOOKUP(C87,'🥬 식재료 DB'!$C$7:$H$121,6,0),"")) -> 11 | H87: =IFERROR(IF(AND(C87<>"",ISNUMBER(E87),ISNUMBER(F87),F87>0,ISNUMBER(G87)),E87/F87*G87,""),"") -> 110
B88: 15 | D88: 프렙 | G88: =IFERROR(VLOOKUP(C88,'🧪 프렙 원가표'!$C$8:$D$18,2,0),IFERROR(VLOOKUP(C88,'🥬 식재료 DB'!$C$7:$H$121,6,0),"")) | H88: =IFERROR(IF(AND(C88<>"",ISNUMBER(E88),ISNUMBER(F88),F88>0,ISNUMBER(G88)),E88/F88*G88,""),"")
B89: 16 | D89: 프렙 | G89: =IFERROR(VLOOKUP(C89,'🧪 프렙 원가표'!$C$8:$D$18,2,0),IFERROR(VLOOKUP(C89,'🥬 식재료 DB'!$C$7:$H$121,6,0),"")) | H89: =IFERROR(IF(AND(C89<>"",ISNUMBER(E89),ISNUMBER(F89),F89>0,ISNUMBER(G89)),E89/F89*G89,""),"")
B90: 17 | D90: 프렙 | G90: =IFERROR(VLOOKUP(C90,'🧪 프렙 원가표'!$C$8:$D$18,2,0),IFERROR(VLOOKUP(C90,'🥬 식재료 DB'!$C$7:$H$121,6,0),"")) | H90: =IFERROR(IF(AND(C90<>"",ISNUMBER(E90),ISNUMBER(F90),F90>0,ISNUMBER(G90)),E90/F90*G90,""),"")
C92: 🍽 알루 고비 | E92: 12000 | F92: =IFERROR(SUM(H94,H95,H96,H97,H98,H99,H100,H101,H102,H103,H104,H105,H107,H108,H109,H110,H111),0) -> 436.76238 | G92: =IFERROR(E92*'💰 고정비용 DB'!$D$22/'💰 고정비용 DB'!$D$25,0) -> 7923.5648 | H92: =IFERROR(G92-F92,"") -> 7486.8024 | I92: =IFERROR(H92/E92,"") -> 0.6239002 | J92: =IF(I92="","⬜ 미입력",IF(I92<=0.2,"✅ 양호",IF(I92<=0.32,"🟡 주의","🔴 과다"))) -> 🔴 과다
B93: ▸ 메인 식재료
B94: 1 | C94: 감자 | D94: 메인 | E94: 65 | F94: 1 | G94: =IFERROR(VLOOKUP(C94,'🥬 식재료 DB'!$C$7:$H$121,6,0),"") -> 1.75 | H94: =IFERROR(IF(AND(C94<>"",ISNUMBER(E94),ISNUMBER(F94),F94>0,ISNUMBER(G94)),E94/F94*G94,""),"") -> 113.75
B95: 2 | C95: 냉동 콜리플라워 | D95: 메인 | E95: 65 | F95: 1 | G95: =IFERROR(VLOOKUP(C95,'🥬 식재료 DB'!$C$7:$H$121,6,0),"") | H95: =IFERROR(IF(AND(C95<>"",ISNUMBER(E95),ISNUMBER(F95),F95>0,ISNUMBER(G95)),E95/F95*G95,""),"")
B96: 3 | C96: 데어리쿠킹크림 | D96: 메인 | E96: 5 | F96: 1 | G96: =IFERROR(VLOOKUP(C96,'🥬 식재료 DB'!$C$7:$H$121,6,0),"") -> 4.25 | H96: =IFERROR(IF(AND(C96<>"",ISNUMBER(E96),ISNUMBER(F96),F96>0,ISNUMBER(G96)),E96/F96*G96,""),"") -> 21.25
B97: 4 | C97: 꽃소금 | D97: 메인 | E97: 10 | F97: 1 | G97: =IFERROR(VLOOKUP(C97,'🥬 식재료 DB'!$C$7:$H$121,6,0),"") -> 1 | H97: =IFERROR(IF(AND(C97<>"",ISNUMBER(E97),ISNUMBER(F97),F97>0,ISNUMBER(G97)),E97/F97*G97,""),"") -> 10
B98: 5 | C98: 강황가루 | D98: 메인 | E98: 2 | F98: 1 | G98: =IFERROR(VLOOKUP(C98,'🥬 식재료 DB'!$C$7:$H$121,6,0),"") | H98: =IFERROR(IF(AND(C98<>"",ISNUMBER(E98),ISNUMBER(F98),F98>0,ISNUMBER(G98)),E98/F98*G98,""),"")
B99: 6 | D99: 메인 | G99: =IFERROR(VLOOKUP(C99,'🥬 식재료 DB'!$C$7:$H$121,6,0),"") | H99: =IFERROR(IF(AND(C99<>"",ISNUMBER(E99),ISNUMBER(F99),F99>0,ISNUMBER(G99)),E99/F99*G99,""),"")
B100: 7 | D100: 메인 | G100: =IFERROR(VLOOKUP(C100,'🥬 식재료 DB'!$C$7:$H$121,6,0),"") | H100: =IFERROR(IF(AND(C100<>"",ISNUMBER(E100),ISNUMBER(F100),F100>0,ISNUMBER(G100)),E100/F100*G100,""),"")
B101: 8 | D101: 메인 | G101: =IFERROR(VLOOKUP(C101,'🥬 식재료 DB'!$C$7:$H$121,6,0),"") | H101: =IFERROR(IF(AND(C101<>"",ISNUMBER(E101),ISNUMBER(F101),F101>0,ISNUMBER(G101)),E101/F101*G101,""),"")
B102: 9 | D102: 메인 | G102: =IFERROR(VLOOKUP(C102,'🥬 식재료 DB'!$C$7:$H$121,6,0),"") | H102: =IFERROR(IF(AND(C102<>"",ISNUMBER(E102),ISNUMBER(F102),F102>0,ISNUMBER(G102)),E102/F102*G102,""),"")
B103: 10 | D103: 메인 | G103: =IFERROR(VLOOKUP(C103,'🥬 식재료 DB'!$C$7:$H$121,6,0),"") | H103: =IFERROR(IF(AND(C103<>"",ISNUMBER(E103),ISNUMBER(F103),F103>0,ISNUMBER(G103)),E103/F103*G103,""),"")
B104: 11 | D104: 메인 | G104: =IFERROR(VLOOKUP(C104,'🥬 식재료 DB'!$C$7:$H$121,6,0),"") | H104: =IFERROR(IF(AND(C104<>"",ISNUMBER(E104),ISNUMBER(F104),F104>0,ISNUMBER(G104)),E104/F104*G104,""),"")
B105: 12 | D105: 메인 | G105: =IFERROR(VLOOKUP(C105,'🥬 식재료 DB'!$C$7:$H$121,6,0),"") | H105: =IFERROR(IF(AND(C105<>"",ISNUMBER(E105),ISNUMBER(F105),F105>0,ISNUMBER(G105)),E105/F105*G105,""),"")
B106: ▸ 프렙 재료 (반제품)
B107: 13 | C107: 커리 그레이비 소스 | D107: 프렙 | E107: 100 | F107: 1 | G107: =IFERROR(VLOOKUP(C107,'🧪 프렙 원가표'!$C$8:$D$18,2,0),IFERROR(VLOOKUP(C107,'🥬 식재료 DB'!$C$7:$H$121,6,0),"")) -> 2.9176238 | H107: =IFERROR(IF(AND(C107<>"",ISNUMBER(E107),ISNUMBER(F107),F107>0,ISNUMBER(G107)),E107/F107*G107,""),"") -> 291.76238
...

Sheet 🔥 탄두리·케밥
B2: EVEREST RESTAURANT GROUP · 🔥 탄두리·케밥 원가 계산표
B4: 📌 녹색=자동계산 노란색=입력값 | 식재료 DB/고정비용 DB 수정 시 자동 갱신됩니다.
B5: 📌 ▣ 색상 헤더 행: E=판매가 F=식재료원가 G=고정비용배분 H=총원가 I=총원가율 J=판정
B7: No. | C7: 식재료명 | D7: 구분 | E7: 사용량(g) | F7: 수율(%) | G7: g당 단가(원) | H7: 재료 원가(원) | I7: 비고
C8: 🍽 치킨 멀라이 케밥 | E8: 12000 | F8: =IFERROR(SUM(H10,H11,H12,H13,H14,H15,H16,H17,H18,H19,H20,H21,H23,H24,H25,H26,H27),0) -> 594.34211 | G8: =IFERROR(E8*'💰 고정비용 DB'!$D$22/'💰 고정비용 DB'!$D$25,0) -> 7923.5648 | H8: =IFERROR(G8-F8,"") -> 7329.2227 | I8: =IFERROR(H8/E8,"") -> 0.61076856 | J8: =IF(I8="","⬜ 미입력",IF(I8<=0.2,"✅ 양호",IF(I8<=0.32,"🟡 주의","🔴 과다"))) -> 🔴 과다
B9: ▸ 메인 식재료
B10: 1 | C10: 닭 (부위 정육) | D10: 메인 | E10: 250 | F10: 1 | G10: =IFERROR(VLOOKUP(C10,'🥬 식재료 DB'!$C$7:$H$121,6,0),"") | H10: =IFERROR(IF(AND(C10<>"",ISNUMBER(E10),ISNUMBER(F10),F10>0,ISNUMBER(G10)),E10/F10*G10,""),"")
B11: 2 | C11: 데어리쿠킹크림 | D11: 메인 | E11: 20 | F11: 1 | G11: =IFERROR(VLOOKUP(C11,'🥬 식재료 DB'!$C$7:$H$121,6,0),"") -> 4.25 | H11: =IFERROR(IF(AND(C11<>"",ISNUMBER(E11),ISNUMBER(F11),F11>0,ISNUMBER(G11)),E11/F11*G11,""),"") -> 85
B12: 3 | C12: 캐슈넛 | D12: 메인 | E12: 30 | F12: 1 | G12: =IFERROR(VLOOKUP(C12,'🥬 식재료 DB'!$C$7:$H$121,6,0),"") -> 12.894737 | H12: =IFERROR(IF(AND(C12<>"",ISNUMBER(E12),ISNUMBER(F12),F12>0,ISNUMBER(G12)),E12/F12*G12,""),"") -> 386.84211
B13: 4 | C13: 백후추가루 | D13: 메인 | E13: 5 | F13: 1 | G13: =IFERROR(VLOOKUP(C13,'🥬 식재료 DB'!$C$7:$H$121,6,0),"") -> 22.5 | H13: =IFERROR(IF(AND(C13<>"",ISNUMBER(E13),ISNUMBER(F13),F13>0,ISNUMBER(G13)),E13/F13*G13,""),"") -> 112.5
B14: 5 | C14: 꽃소금 | D14: 메인 | E14: 10 | F14: 1 | G14: =IFERROR(VLOOKUP(C14,'🥬 식재료 DB'!$C$7:$H$121,6,0),"") -> 1 | H14: =IFERROR(IF(AND(C14<>"",ISNUMBER(E14),ISNUMBER(F14),F14>0,ISNUMBER(G14)),E14/F14*G14,""),"") -> 10
B15: 6 | D15: 메인 | G15: =IFERROR(VLOOKUP(C15,'🥬 식재료 DB'!$C$7:$H$121,6,0),"") | H15: =IFERROR(IF(AND(C15<>"",ISNUMBER(E15),ISNUMBER(F15),F15>0,ISNUMBER(G15)),E15/F15*G15,""),"")
B16: 7 | D16: 메인 | G16: =IFERROR(VLOOKUP(C16,'🥬 식재료 DB'!$C$7:$H$121,6,0),"") | H16: =IFERROR(IF(AND(C16<>"",ISNUMBER(E16),ISNUMBER(F16),F16>0,ISNUMBER(G16)),E16/F16*G16,""),"")
B17: 8 | D17: 메인 | G17: =IFERROR(VLOOKUP(C17,'🥬 식재료 DB'!$C$7:$H$121,6,0),"") | H17: =IFERROR(IF(AND(C17<>"",ISNUMBER(E17),ISNUMBER(F17),F17>0,ISNUMBER(G17)),E17/F17*G17,""),"")
B18: 9 | D18: 메인 | G18: =IFERROR(VLOOKUP(C18,'🥬 식재료 DB'!$C$7:$H$121,6,0),"") | H18: =IFERROR(IF(AND(C18<>"",ISNUMBER(E18),ISNUMBER(F18),F18>0,ISNUMBER(G18)),E18/F18*G18,""),"")
B19: 10 | D19: 메인 | G19: =IFERROR(VLOOKUP(C19,'🥬 식재료 DB'!$C$7:$H$121,6,0),"") | H19: =IFERROR(IF(AND(C19<>"",ISNUMBER(E19),ISNUMBER(F19),F19>0,ISNUMBER(G19)),E19/F19*G19,""),"")
B20: 11 | D20: 메인 | G20: =IFERROR(VLOOKUP(C20,'🥬 식재료 DB'!$C$7:$H$121,6,0),"") | H20: =IFERROR(IF(AND(C20<>"",ISNUMBER(E20),ISNUMBER(F20),F20>0,ISNUMBER(G20)),E20/F20*G20,""),"")
B21: 12 | D21: 메인 | G21: =IFERROR(VLOOKUP(C21,'🥬 식재료 DB'!$C$7:$H$121,6,0),"") | H21: =IFERROR(IF(AND(C21<>"",ISNUMBER(E21),ISNUMBER(F21),F21>0,ISNUMBER(G21)),E21/F21*G21,""),"")
B22: ▸ 프렙 재료 (반제품)
B23: 13 | C23: 탄두리 샐라드 | D23: 프렙 | E23: 30 | F23: 1 | G23: =IFERROR(VLOOKUP(C23,'🧪 프렙 원가표'!$C$8:$D$18,2,0),IFERROR(VLOOKUP(C23,'🥬 식재료 DB'!$C$7:$H$121,6,0),"")) | H23: =IFERROR(IF(AND(C23<>"",ISNUMBER(E23),ISNUMBER(F23),F23>0,ISNUMBER(G23)),E23/F23*G23,""),"")
B24: 14 | D24: 프렙 | G24: =IFERROR(VLOOKUP(C24,'🧪 프렙 원가표'!$C$8:$D$18,2,0),IFERROR(VLOOKUP(C24,'🥬 식재료 DB'!$C$7:$H$121,6,0),"")) | H24: =IFERROR(IF(AND(C24<>"",ISNUMBER(E24),ISNUMBER(F24),F24>0,ISNUMBER(G24)),E24/F24*G24,""),"")
B25: 15 | D25: 프렙 | G25: =IFERROR(VLOOKUP(C25,'🧪 프렙 원가표'!$C$8:$D$18,2,0),IFERROR(VLOOKUP(C25,'🥬 식재료 DB'!$C$7:$H$121,6,0),"")) | H25: =IFERROR(IF(AND(C25<>"",ISNUMBER(E25),ISNUMBER(F25),F25>0,ISNUMBER(G25)),E25/F25*G25,""),"")
B26: 16 | D26: 프렙 | G26: =IFERROR(VLOOKUP(C26,'🧪 프렙 원가표'!$C$8:$D$18,2,0),IFERROR(VLOOKUP(C26,'🥬 식재료 DB'!$C$7:$H$121,6,0),"")) | H26: =IFERROR(IF(AND(C26<>"",ISNUMBER(E26),ISNUMBER(F26),F26>0,ISNUMBER(G26)),E26/F26*G26,""),"")
B27: 17 | D27: 프렙 | G27: =IFERROR(VLOOKUP(C27,'🧪 프렙 원가표'!$C$8:$D$18,2,0),IFERROR(VLOOKUP(C27,'🥬 식재료 DB'!$C$7:$H$121,6,0),"")) | H27: =IFERROR(IF(AND(C27<>"",ISNUMBER(E27),ISNUMBER(F27),F27>0,ISNUMBER(G27)),E27/F27*G27,""),"")
C29: 🍽 치킨 티카 | E29: 11000 | F29: =IFERROR(SUM(H31,H32,H33,H34,H35,H36,H37,H38,H39,H40,H41,H42,H44,H45,H46,H47,H48),0) -> 458.16417 | G29: =IFERROR(E29*'💰 고정비용 DB'!$D$22/'💰 고정비용 DB'!$D$25,0) -> 7263.2677 | H29: =IFERROR(G29-F29,"") -> 6805.1036 | I29: =IFERROR(H29/E29,"") -> 0.61864578 | J29: =IF(I29="","⬜ 미입력",IF(I29<=0.2,"✅ 양호",IF(I29<=0.32,"🟡 주의","🔴 과다"))) -> 🔴 과다
B30: ▸ 메인 식재료
B31: 1 | C31: 닭 (부위 정육) | D31: 메인 | E31: 250 | F31: 1 | G31: =IFERROR(VLOOKUP(C31,'🥬 식재료 DB'!$C$7:$H$121,6,0),"") | H31: =IFERROR(IF(AND(C31<>"",ISNUMBER(E31),ISNUMBER(F31),F31>0,ISNUMBER(G31)),E31/F31*G31,""),"")
B32: 2 | C32: 치킨 마살라 파우더 | D32: 메인 | E32: 5 | F32: 1 | G32: =IFERROR(VLOOKUP(C32,'🥬 식재료 DB'!$C$7:$H$121,6,0),"") | H32: =IFERROR(IF(AND(C32<>"",ISNUMBER(E32),ISNUMBER(F32),F32>0,ISNUMBER(G32)),E32/F32*G32,""),"")
B33: 3 | C33: CUMIN powder | D33: 메인 | E33: 5 | F33: 1 | G33: =IFERROR(VLOOKUP(C33,'🥬 식재료 DB'!$C$7:$H$121,6,0),"") -> 22.5 | H33: =IFERROR(IF(AND(C33<>"",ISNUMBER(E33),ISNUMBER(F33),F33>0,ISNUMBER(G33)),E33/F33*G33,""),"") -> 112.5
B34: 4 | C34: 베트남 고추가루 | D34: 메인 | E34: 5 | F34: 1 | G34: =IFERROR(VLOOKUP(C34,'🥬 식재료 DB'!$C$7:$H$121,6,0),"") | H34: =IFERROR(IF(AND(C34<>"",ISNUMBER(E34),ISNUMBER(F34),F34>0,ISNUMBER(G34)),E34/F34*G34,""),"")
B35: 5 | C35: 꽃소금 | D35: 메인 | E35: 5 | F35: 1 | G35: =IFERROR(VLOOKUP(C35,'🥬 식재료 DB'!$C$7:$H$121,6,0),"") -> 1 | H35: =IFERROR(IF(AND(C35<>"",ISNUMBER(E35),ISNUMBER(F35),F35>0,ISNUMBER(G35)),E35/F35*G35,""),"") -> 5
B36: 6 | C36: 식용유 | D36: 메인 | E36: 5 | F36: 1 | G36: =IFERROR(VLOOKUP(C36,'🥬 식재료 DB'!$C$7:$H$121,6,0),"") -> 2.75 | H36: =IFERROR(IF(AND(C36<>"",ISNUMBER(E36),ISNUMBER(F36),F36>0,ISNUMBER(G36)),E36/F36*G36,""),"") -> 13.75
B37: 7 | C37: 레몬 | D37: 메인 | E37: 10 | F37: 1 | G37: =IFERROR(VLOOKUP(C37,'🥬 식재료 DB'!$C$7:$H$121,6,0),"") -> 9 | H37: =IFERROR(IF(AND(C37<>"",ISNUMBER(E37),ISNUMBER(F37),F37>0,ISNUMBER(G37)),E37/F37*G37,""),"") -> 90
B38: 8 | D38: 메인 | G38: =IFERROR(VLOOKUP(C38,'🥬 식재료 DB'!$C$7:$H$121,6,0),"") | H38: =IFERROR(IF(AND(C38<>"",ISNUMBER(E38),ISNUMBER(F38),F38>0,ISNUMBER(G38)),E38/F38*G38,""),"")
B39: 9 | D39: 메인 | G39: =IFERROR(VLOOKUP(C39,'🥬 식재료 DB'!$C$7:$H$121,6,0),"") | H39: =IFERROR(IF(AND(C39<>"",ISNUMBER(E39),ISNUMBER(F39),F39>0,ISNUMBER(G39)),E39/F39*G39,""),"")
B40: 10 | D40: 메인 | G40: =IFERROR(VLOOKUP(C40,'🥬 식재료 DB'!$C$7:$H$121,6,0),"") | H40: =IFERROR(IF(AND(C40<>"",ISNUMBER(E40),ISNUMBER(F40),F40>0,ISNUMBER(G40)),E40/F40*G40,""),"")
B41: 11 | D41: 메인 | G41: =IFERROR(VLOOKUP(C41,'🥬 식재료 DB'!$C$7:$H$121,6,0),"") | H41: =IFERROR(IF(AND(C41<>"",ISNUMBER(E41),ISNUMBER(F41),F41>0,ISNUMBER(G41)),E41/F41*G41,""),"")
B42: 12 | D42: 메인 | G42: =IFERROR(VLOOKUP(C42,'🥬 식재료 DB'!$C$7:$H$121,6,0),"") | H42: =IFERROR(IF(AND(C42<>"",ISNUMBER(E42),ISNUMBER(F42),F42>0,ISNUMBER(G42)),E42/F42*G42,""),"")
B43: ▸ 프렙 재료 (반제품)
B44: 13 | C44: 탄두리 소스 | D44: 프렙 | E44: 30 | F44: 1 | G44: =IFERROR(VLOOKUP(C44,'🧪 프렙 원가표'!$C$8:$D$18,2,0),IFERROR(VLOOKUP(C44,'🥬 식재료 DB'!$C$7:$H$121,6,0),"")) -> 7.8971389 | H44: =IFERROR(IF(AND(C44<>"",ISNUMBER(E44),ISNUMBER(F44),F44>0,ISNUMBER(G44)),E44/F44*G44,""),"") -> 236.91417
B45: 14 | C45: 탄두리 샐라드 | D45: 프렙 | E45: 30 | F45: 1 | G45: =IFERROR(VLOOKUP(C45,'🧪 프렙 원가표'!$C$8:$D$18,2,0),IFERROR(VLOOKUP(C45,'🥬 식재료 DB'!$C$7:$H$121,6,0),"")) | H45: =IFERROR(IF(AND(C45<>"",ISNUMBER(E45),ISNUMBER(F45),F45>0,ISNUMBER(G45)),E45/F45*G45,""),"")
B46: 15 | D46: 프렙 | G46: =IFERROR(VLOOKUP(C46,'🧪 프렙 원가표'!$C$8:$D$18,2,0),IFERROR(VLOOKUP(C46,'🥬 식재료 DB'!$C$7:$H$121,6,0),"")) | H46: =IFERROR(IF(AND(C46<>"",ISNUMBER(E46),ISNUMBER(F46),F46>0,ISNUMBER(G46)),E46/F46*G46,""),"")
B47: 16 | D47: 프렙 | G47: =IFERROR(VLOOKUP(C47,'🧪 프렙 원가표'!$C$8:$D$18,2,0),IFERROR(VLOOKUP(C47,'🥬 식재료 DB'!$C$7:$H$121,6,0),"")) | H47: =IFERROR(IF(AND(C47<>"",ISNUMBER(E47),ISNUMBER(F47),F47>0,ISNUMBER(G47)),E47/F47*G47,""),"")
B48: 17 | D48: 프렙 | G48: =IFERROR(VLOOKUP(C48,'🧪 프렙 원가표'!$C$8:$D$18,2,0),IFERROR(VLOOKUP(C48,'🥬 식재료 DB'!$C$7:$H$121,6,0),"")) | H48: =IFERROR(IF(AND(C48<>"",ISNUMBER(E48),ISNUMBER(F48),F48>0,ISNUMBER(G48)),E48/F48*G48,""),"")
C50: 🍽 치킨 탕그리 케밥 | E50: 12000 | F50: =IFERROR(SUM(H52,H53,H54,H55,H56,H57,H58,H59,H60,H61,H62,H63,H65,H66,H67,H68,H69),0) -> 641.25 | G50: =IFERROR(E50*'💰 고정비용 DB'!$D$22/'💰 고정비용 DB'!$D$25,0) -> 7923.5648 | H50: =IFERROR(G50-F50,"") -> 7282.3148 | I50: =IFERROR(H50/E50,"") -> 0.60685957 | J50: =IF(I50="","⬜ 미입력",IF(I50<=0.2,"✅ 양호",IF(I50<=0.32,"🟡 주의","🔴 과다"))) -> 🔴 과다
B51: ▸ 메인 식재료
B52: 1 | C52: 닭 (닭다리) | D52: 메인 | E52: 300 | F52: 1 | G52: =IFERROR(VLOOKUP(C52,'🥬 식재료 DB'!$C$7:$H$121,6,0),"") | H52: =IFERROR(IF(AND(C52<>"",ISNUMBER(E52),ISNUMBER(F52),F52>0,ISNUMBER(G52)),E52/F52*G52,""),"")
B53: 2 | C53: 레몬 | D53: 메인 | E53: 10 | F53: 1 | G53: =IFERROR(VLOOKUP(C53,'🥬 식재료 DB'!$C$7:$H$121,6,0),"") -> 9 | H53: =IFERROR(IF(AND(C53<>"",ISNUMBER(E53),ISNUMBER(F53),F53>0,ISNUMBER(G53)),E53/F53*G53,""),"") -> 90
B54: 3 | C54: CUMIN powder | D54: 메인 | E54: 5 | F54: 1 | G54: =IFERROR(VLOOKUP(C54,'🥬 식재료 DB'!$C$7:$H$121,6,0),"") -> 22.5 | H54: =IFERROR(IF(AND(C54<>"",ISNUMBER(E54),ISNUMBER(F54),F54>0,ISNUMBER(G54)),E54/F54*G54,""),"") -> 112.5
B55: 4 | C55: 치킨 마살라 파우더 | D55: 메인 | E55: 5 | F55: 1 | G55: =IFERROR(VLOOKUP(C55,'🥬 식재료 DB'!$C$7:$H$121,6,0),"") | H55: =IFERROR(IF(AND(C55<>"",ISNUMBER(E55),ISNUMBER(F55),F55>0,ISNUMBER(G55)),E55/F55*G55,""),"")
B56: 5 | C56: 베트남 고추가루 | D56: 메인 | E56: 10 | F56: 1 | G56: =IFERROR(VLOOKUP(C56,'🥬 식재료 DB'!$C$7:$H$121,6,0),"") | H56: =IFERROR(IF(AND(C56<>"",ISNUMBER(E56),ISNUMBER(F56),F56>0,ISNUMBER(G56)),E56/F56*G56,""),"")
B57: 6 | C57: 꽃소금 | D57: 메인 | E57: 5 | F57: 1 | G57: =IFERROR(VLOOKUP(C57,'🥬 식재료 DB'!$C$7:$H$121,6,0),"") -> 1 | H57: =IFERROR(IF(AND(C57<>"",ISNUMBER(E57),ISNUMBER(F57),F57>0,ISNUMBER(G57)),E57/F57*G57,""),"") -> 5
B58: 7 | C58: 식용유 | D58: 메인 | E58: 5 | F58: 1 | G58: =IFERROR(VLOOKUP(C58,'🥬 식재료 DB'!$C$7:$H$121,6,0),"") -> 2.75 | H58: =IFERROR(IF(AND(C58<>"",ISNUMBER(E58),ISNUMBER(F58),F58>0,ISNUMBER(G58)),E58/F58*G58,""),"") -> 13.75
B59: 8 | C59: 청양고추 | D59: 메인 | E59: 30 | F59: 1 | G59: =IFERROR(VLOOKUP(C59,'🥬 식재료 DB'!$C$7:$H$121,6,0),"") -> 14 | H59: =IFERROR(IF(AND(C59<>"",ISNUMBER(E59),ISNUMBER(F59),F59>0,ISNUMBER(G59)),E59/F59*G59,""),"") -> 420
B60: 9 | D60: 메인 | G60: =IFERROR(VLOOKUP(C60,'🥬 식재료 DB'!$C$7:$H$121,6,0),"") | H60: =IFERROR(IF(AND(C60<>"",ISNUMBER(E60),ISNUMBER(F60),F60>0,ISNUMBER(G60)),E60/F60*G60,""),"")
B61: 10 | D61: 메인 | G61: =IFERROR(VLOOKUP(C61,'🥬 식재료 DB'!$C$7:$H$121,6,0),"") | H61: =IFERROR(IF(AND(C61<>"",ISNUMBER(E61),ISNUMBER(F61),F61>0,ISNUMBER(G61)),E61/F61*G61,""),"")
B62: 11 | D62: 메인 | G62: =IFERROR(VLOOKUP(C62,'🥬 식재료 DB'!$C$7:$H$121,6,0),"") | H62: =IFERROR(IF(AND(C62<>"",ISNUMBER(E62),ISNUMBER(F62),F62>0,ISNUMBER(G62)),E62/F62*G62,""),"")
B63: 12 | D63: 메인 | G63: =IFERROR(VLOOKUP(C63,'🥬 식재료 DB'!$C$7:$H$121,6,0),"") | H63: =IFERROR(IF(AND(C63<>"",ISNUMBER(E63),ISNUMBER(F63),F63>0,ISNUMBER(G63)),E63/F63*G63,""),"")
B64: ▸ 프렙 재료 (반제품)
B65: 13 | D65: 프렙 | G65: =IFERROR(VLOOKUP(C65,'🧪 프렙 원가표'!$C$8:$D$18,2,0),IFERROR(VLOOKUP(C65,'🥬 식재료 DB'!$C$7:$H$121,6,0),"")) | H65: =IFERROR(IF(AND(C65<>"",ISNUMBER(E65),ISNUMBER(F65),F65>0,ISNUMBER(G65)),E65/F65*G65,""),"")
B66: 14 | D66: 프렙 | G66: =IFERROR(VLOOKUP(C66,'🧪 프렙 원가표'!$C$8:$D$18,2,0),IFERROR(VLOOKUP(C66,'🥬 식재료 DB'!$C$7:$H$121,6,0),"")) | H66: =IFERROR(IF(AND(C66<>"",ISNUMBER(E66),ISNUMBER(F66),F66>0,ISNUMBER(G66)),E66/F66*G66,""),"")
B67: 15 | D67: 프렙 | G67: =IFERROR(VLOOKUP(C67,'🧪 프렙 원가표'!$C$8:$D$18,2,0),IFERROR(VLOOKUP(C67,'🥬 식재료 DB'!$C$7:$H$121,6,0),"")) | H67: =IFERROR(IF(AND(C67<>"",ISNUMBER(E67),ISNUMBER(F67),F67>0,ISNUMBER(G67)),E67/F67*G67,""),"")
B68: 16 | D68: 프렙 | G68: =IFERROR(VLOOKUP(C68,'🧪 프렙 원가표'!$C$8:$D$18,2,0),IFERROR(VLOOKUP(C68,'🥬 식재료 DB'!$C$7:$H$121,6,0),"")) | H68: =IFERROR(IF(AND(C68<>"",ISNUMBER(E68),ISNUMBER(F68),F68>0,ISNUMBER(G68)),E68/F68*G68,""),"")
B69: 17 | D69: 프렙 | G69: =IFERROR(VLOOKUP(C69,'🧪 프렙 원가표'!$C$8:$D$18,2,0),IFERROR(VLOOKUP(C69,'🥬 식재료 DB'!$C$7:$H$121,6,0),"")) | H69: =IFERROR(IF(AND(C69<>"",ISNUMBER(E69),ISNUMBER(F69),F69>0,ISNUMBER(G69)),E69/F69*G69,""),"")
C71: 🍽 머턴 세꾸와 | E71: 13000 | F71: =IFERROR(SUM(H73,H74,H75,H76,H77,H78,H79,H80,H81,H82,H83,H84,H85,H87,H88,H89,H90,H91),0) -> 4033.0833 | G71: =IFERROR(E71*'💰 고정비용 DB'!$D$22/'💰 고정비용 DB'!$D$25,0) -> 8583.8619 | H71: =IFERROR(G71-F71,"") -> 4550.7785 | I71: =IFERROR(H71/E71,"") -> 0.35005989 | J71: =IF(I71="","⬜ 미입력",IF(I71<=0.2,"✅ 양호",IF(I71<=0.32,"🟡 주의","🔴 과다"))) -> 🔴 과다
B72: ▸ 메인 식재료
B73: 1 | C73: 양사태살 | D73: 메인 | E73: 250 | F73: 1 | G73: =IFERROR(VLOOKUP(C73,'🥬 식재료 DB'!$C$7:$H$121,6,0),"") -> 15 | H73: =IFERROR(IF(AND(C73<>"",ISNUMBER(E73),ISNUMBER(F73),F73>0,ISNUMBER(G73)),E73/F73*G73,""),"") -> 3750
B74: 2 | C74: CUMIN powder | D74: 메인 | E74: 5 | F74: 1 | G74: =IFERROR(VLOOKUP(C74,'🥬 식재료 DB'!$C$7:$H$121,6,0),"") -> 22.5 | H74: =IFERROR(IF(AND(C74<>"",ISNUMBER(E74),ISNUMBER(F74),F74>0,ISNUMBER(G74)),E74/F74*G74,""),"") -> 112.5
B75: 3 | C75: 머튼 마살라 파우더 | D75: 메인 | E75: 5 | F75: 1 | G75: =IFERROR(VLOOKUP(C75,'🥬 식재료 DB'!$C$7:$H$121,6,0),"") | H75: =IFERROR(IF(AND(C75<>"",ISNUMBER(E75),ISNUMBER(F75),F75>0,ISNUMBER(G75)),E75/F75*G75,""),"")
B76: 4 | C76: TURMERIC POWDER | D76: 메인 | E76: 3 | F76: 1 | G76: =IFERROR(VLOOKUP(C76,'🥬 식재료 DB'!$C$7:$H$121,6,0),"") -> 15 | H76: =IFERROR(IF(AND(C76<>"",ISNUMBER(E76),ISNUMBER(F76),F76>0,ISNUMBER(G76)),E76/F76*G76,""),"") -> 45
B77: 5 | C77: 베트남 고추가루 | D77: 메인 | E77: 10 | F77: 1 | G77: =IFERROR(VLOOKUP(C77,'🥬 식재료 DB'!$C$7:$H$121,6,0),"") | H77: =IFERROR(IF(AND(C77<>"",ISNUMBER(E77),ISNUMBER(F77),F77>0,ISNUMBER(G77)),E77/F77*G77,""),"")
B78: 6 | C78: MURI (쌀튀밥) | D78: 메인 | E78: 30 | F78: 1 | G78: =IFERROR(VLOOKUP(C78,'🥬 식재료 DB'!$C$7:$H$121,6,0),"") | H78: =IFERROR(IF(AND(C78<>"",ISNUMBER(E78),ISNUMBER(F78),F78>0,ISNUMBER(G78)),E78/F78*G78,""),"")
B79: 7 | C79: MIXED PICKLE | D79: 메인 | E79: 5 | F79: 1 | G79: =IFERROR(VLOOKUP(C79,'🥬 식재료 DB'!$C$7:$H$121,6,0),"") -> 6 | H79: =IFERROR(IF(AND(C79<>"",ISNUMBER(E79),ISNUMBER(F79),F79>0,ISNUMBER(G79)),E79/F79*G79,""),"") -> 30
B80: 8 | C80: 식용유 | D80: 메인 | E80: 5 | F80: 1 | G80: =IFERROR(VLOOKUP(C80,'🥬 식재료 DB'!$C$7:$H$121,6,0),"") -> 2.75 | H80: =IFERROR(IF(AND(C80<>"",ISNUMBER(E80),ISNUMBER(F80),F80>0,ISNUMBER(G80)),E80/F80*G80,""),"") -> 13.75
B81: 9 | C81: 당근 | D81: 메인 | E81: 5 | F81: 1 | G81: =IFERROR(VLOOKUP(C81,'🥬 식재료 DB'!$C$7:$H$121,6,0),"") -> 5.5 | H81: =IFERROR(IF(AND(C81<>"",ISNUMBER(E81),ISNUMBER(F81),F81>0,ISNUMBER(G81)),E81/F81*G81,""),"") -> 27.5
B82: 10 | C82: 오이 | D82: 메인 | E82: 5 | F82: 1 | G82: =IFERROR(VLOOKUP(C82,'🥬 식재료 DB'!$C$7:$H$121,6,0),"") -> 9 | H82: =IFERROR(IF(AND(C82<>"",ISNUMBER(E82),ISNUMBER(F82),F82>0,ISNUMBER(G82)),E82/F82*G82,""),"") -> 45
B83: 11 | C83: 양파 | D83: 메인 | E83: 10 | F83: 1 | G83: =IFERROR(VLOOKUP(C83,'🥬 식재료 DB'!$C$7:$H$121,6,0),"") -> 0.93333333 | H83: =IFERROR(IF(AND(C83<>"",ISNUMBER(E83),ISNUMBER(F83),F83>0,ISNUMBER(G83)),E83/F83*G83,""),"") -> 9.3333333
B84: 12 | D84: 메인 | G84: =IFERROR(VLOOKUP(C84,'🥬 식재료 DB'!$C$7:$H$121,6,0),"") | H84: =IFERROR(IF(AND(C84<>"",ISNUMBER(E84),ISNUMBER(F84),F84>0,ISNUMBER(G84)),E84/F84*G84,""),"")
B85: 13 | D85: 메인 | G85: =IFERROR(VLOOKUP(C85,'🥬 식재료 DB'!$C$7:$H$121,6,0),"") | H85: =IFERROR(IF(AND(C85<>"",ISNUMBER(E85),ISNUMBER(F85),F85>0,ISNUMBER(G85)),E85/F85*G85,""),"")
B86: ▸ 프렙 재료 (반제품)
B87: 14 | D87: 프렙 | G87: =IFERROR(VLOOKUP(C87,'🧪 프렙 원가표'!$C$8:$D$18,2,0),IFERROR(VLOOKUP(C87,'🥬 식재료 DB'!$C$7:$H$121,6,0),"")) | H87: =IFERROR(IF(AND(C87<>"",ISNUMBER(E87),ISNUMBER(F87),F87>0,ISNUMBER(G87)),E87/F87*G87,""),"")
B88: 15 | D88: 프렙 | G88: =IFERROR(VLOOKUP(C88,'🧪 프렙 원가표'!$C$8:$D$18,2,0),IFERROR(VLOOKUP(C88,'🥬 식재료 DB'!$C$7:$H$121,6,0),"")) | H88: =IFERROR(IF(AND(C88<>"",ISNUMBER(E88),ISNUMBER(F88),F88>0,ISNUMBER(G88)),E88/F88*G88,""),"")
B89: 16 | D89: 프렙 | G89: =IFERROR(VLOOKUP(C89,'🧪 프렙 원가표'!$C$8:$D$18,2,0),IFERROR(VLOOKUP(C89,'🥬 식재료 DB'!$C$7:$H$121,6,0),"")) | H89: =IFERROR(IF(AND(C89<>"",ISNUMBER(E89),ISNUMBER(F89),F89>0,ISNUMBER(G89)),E89/F89*G89,""),"")
B90: 17 | D90: 프렙 | G90: =IFERROR(VLOOKUP(C90,'🧪 프렙 원가표'!$C$8:$D$18,2,0),IFERROR(VLOOKUP(C90,'🥬 식재료 DB'!$C$7:$H$121,6,0),"")) | H90: =IFERROR(IF(AND(C90<>"",ISNUMBER(E90),ISNUMBER(F90),F90>0,ISNUMBER(G90)),E90/F90*G90,""),"")
B91: 18 | D91: 프렙 | G91: =IFERROR(VLOOKUP(C91,'🧪 프렙 원가표'!$C$8:$D$18,2,0),IFERROR(VLOOKUP(C91,'🥬 식재료 DB'!$C$7:$H$121,6,0),"")) | H91: =IFERROR(IF(AND(C91<>"",ISNUMBER(E91),ISNUMBER(F91),F91>0,ISNUMBER(G91)),E91/F91*G91,""),"")
C93: 🍽 믹스 탄두리 플래터 | E93: 30000 | F93: =IFERROR(SUM(H95,H96,H97,H98,H99,H100,H101,H102,H103,H104,H105,H106,H107,H109,H110,H111,H112,H113),0) -> 1015.3947 | G93: =IFERROR(E93*'💰 고정비용 DB'!$D$22/'💰 고정비용 DB'!$D$25,0) -> 19808.912 | H93: =IFERROR(G93-F93,"") -> 18793.517 | I93: =IFERROR(H93/E93,"") -> 0.62645057 | J93: =IF(I93="","⬜ 미입력",IF(I93<=0.2,"✅ 양호",IF(I93<=0.32,"🟡 주의","🔴 과다"))) -> 🔴 과다
B94: ▸ 메인 식재료
B95: 1 | C95: 닭 (09호) | D95: 메인 | E95: 450 | F95: 1 | G95: =IFERROR(VLOOKUP(C95,'🥬 식재료 DB'!$C$7:$H$121,6,0),"") | H95: =IFERROR(IF(AND(C95<>"",ISNUMBER(E95),ISNUMBER(F95),F95>0,ISNUMBER(G95)),E95/F95*G95,""),"")
B96: 2 | C96: 닭 (부위 정육) | D96: 메인 | E96: 300 | F96: 1 | G96: =IFERROR(VLOOKUP(C96,'🥬 식재료 DB'!$C$7:$H$121,6,0),"") | H96: =IFERROR(IF(AND(C96<>"",ISNUMBER(E96),ISNUMBER(F96),F96>0,ISNUMBER(G96)),E96/F96*G96,""),"")
B97: 3 | C97: 탈각새우 31/40 | D97: 메인 | E97: 50 | F97: 1 | G97: =IFERROR(VLOOKUP(C97,'🥬 식재료 DB'!$C$7:$H$121,6,0),"") | H97: =IFERROR(IF(AND(C97<>"",ISNUMBER(E97),ISNUMBER(F97),F97>0,ISNUMBER(G97)),E97/F97*G97,""),"")
B98: 4 | C98: 치킨 마살라 파우더 | D98: 메인 | E98: 5 | F98: 1 | G98: =IFERROR(VLOOKUP(C98,'🥬 식재료 DB'!$C$7:$H$121,6,0),"") | H98: =IFERROR(IF(AND(C98<>"",ISNUMBER(E98),ISNUMBER(F98),F98>0,ISNUMBER(G98)),E98/F98*G98,""),"")
B99: 5 | C99: CUMIN powder | D99: 메인 | E99: 5 | F99: 1 | G99: =IFERROR(VLOOKUP(C99,'🥬 식재료 DB'!$C$7:$H$121,6,0),"") -> 22.5 | H99: =IFERROR(IF(AND(C99<>"",ISNUMBER(E99),ISNUMBER(F99),F99>0,ISNUMBER(G99)),E99/F99*G99,""),"") -> 112.5
B100: 6 | C100: 데어리쿠킹크림 | D100: 메인 | E100: 50 | F100: 1 | G100: =IFERROR(VLOOKUP(C100,'🥬 식재료 DB'!$C$7:$H$121,6,0),"") -> 4.25 | H100: =IFERROR(IF(AND(C100<>"",ISNUMBER(E100),ISNUMBER(F100),F100>0,ISNUMBER(G100)),E100/F100*G100,""),"") -> 212.5
B101: 7 | C101: 캐슈넛 | D101: 메인 | E101: 20 | F101: 1 | G101: =IFERROR(VLOOKUP(C101,'🥬 식재료 DB'!$C$7:$H$121,6,0),"") -> 12.894737 | H101: =IFERROR(IF(AND(C101<>"",ISNUMBER(E101),ISNUMBER(F101),F101>0,ISNUMBER(G101)),E101/F101*G101,""),"") -> 257.89474
B102: 8 | C102: 백후추가루 | D102: 메인 | E102: 5 | F102: 1 | G102: =IFERROR(VLOOKUP(C102,'🥬 식재료 DB'!$C$7:$H$121,6,0),"") -> 22.5 | H102: =IFERROR(IF(AND(C102<>"",ISNUMBER(E102),ISNUMBER(F102),F102>0,ISNUMBER(G102)),E102/F102*G102,""),"") -> 112.5
B103: 9 | C103: 꽃소금 | D103: 메인 | E103: 15 | F103: 1 | G103: =IFERROR(VLOOKUP(C103,'🥬 식재료 DB'!$C$7:$H$121,6,0),"") -> 1 | H103: =IFERROR(IF(AND(C103<>"",ISNUMBER(E103),ISNUMBER(F103),F103>0,ISNUMBER(G103)),E103/F103*G103,""),"") -> 15
B104: 10 | C104: 양상추 | D104: 메인 | E104: 50 | F104: 1 | G104: =IFERROR(VLOOKUP(C104,'🥬 식재료 DB'!$C$7:$H$121,6,0),"") -> 5 | H104: =IFERROR(IF(AND(C104<>"",ISNUMBER(E104),ISNUMBER(F104),F104>0,ISNUMBER(G104)),E104/F104*G104,""),"") -> 250
B105: 11 | C105: 당근 | D105: 메인 | E105: 10 | F105: 1 | G105: =IFERROR(VLOOKUP(C105,'🥬 식재료 DB'!$C$7:$H$121,6,0),"") -> 5.5 | H105: =IFERROR(IF(AND(C105<>"",ISNUMBER(E105),ISNUMBER(F105),F105>0,ISNUMBER(G105)),E105/F105*G105,""),"") -> 55
B106: 12 | D106: 메인 | G106: =IFERROR(VLOOKUP(C106,'🥬 식재료 DB'!$C$7:$H$121,6,0),"") | H106: =IFERROR(IF(AND(C106<>"",ISNUMBER(E106),ISNUMBER(F106),F106>0,ISNUMBER(G106)),E106/F106*G106,""),"")
B107: 13 | D107: 메인 | G107: =IFERROR(VLOOKUP(C107,'🥬 식재료 DB'!$C$7:$H$121,6,0),"") | H107: =IFERROR(IF(AND(C107<>"",ISNUMBER(E107),ISNUMBER(F107),F107>0,ISNUMBER(G107)),E107/F107*G107,""),"")
...

Sheet 🥟 스낵·면·만두
B2: EVEREST RESTAURANT GROUP · 🥟 스낵·면·만두 원가 계산표
B4: 📌 녹색=자동계산 노란색=입력값 | 식재료 DB/고정비용 DB 수정 시 자동 갱신됩니다.
B5: 📌 ▣ 색상 헤더 행: E=판매가 F=식재료원가 G=고정비용배분 H=총원가 I=총원가율 J=판정
B7: No. | C7: 식재료명 | D7: 구분 | E7: 사용량(g) | F7: 수율(%) | G7: g당 단가(원) | H7: 재료 원가(원) | I7: 비고
C8: 🍽 모모 | E8: 10000 | F8: =IFERROR(SUM(H10,H11,H12,H13,H14,H15,H16,H17,H18,H19,H20,H21,H23,H24,H25,H26,H27),0) -> 626.16667 | G8: =IFERROR(E8*'💰 고정비용 DB'!$D$22/'💰 고정비용 DB'!$D$25,0) -> 6602.9707 | H8: =IFERROR(G8-F8,"") -> 5976.804 | I8: =IFERROR(H8/E8,"") -> 0.5976804 | J8: =IF(I8="","⬜ 미입력",IF(I8<=0.2,"✅ 양호",IF(I8<=0.32,"🟡 주의","🔴 과다"))) -> 🔴 과다
B9: ▸ 메인 식재료
B10: 1 | C10: 고급 밀가루 | D10: 메인 | E10: 200 | F10: 1 | G10: =IFERROR(VLOOKUP(C10,'🥬 식재료 DB'!$C$7:$H$121,6,0),"") -> 1.25 | H10: =IFERROR(IF(AND(C10<>"",ISNUMBER(E10),ISNUMBER(F10),F10>0,ISNUMBER(G10)),E10/F10*G10,""),"") -> 250
B11: 2 | C11: 정육 (닭) | D11: 메인 | E11: 100 | F11: 1 | G11: =IFERROR(VLOOKUP(C11,'🥬 식재료 DB'!$C$7:$H$121,6,0),"") | H11: =IFERROR(IF(AND(C11<>"",ISNUMBER(E11),ISNUMBER(F11),F11>0,ISNUMBER(G11)),E11/F11*G11,""),"")
B12: 3 | C12: 양파 | D12: 메인 | E12: 20 | F12: 1 | G12: =IFERROR(VLOOKUP(C12,'🥬 식재료 DB'!$C$7:$H$121,6,0),"") -> 0.93333333 | H12: =IFERROR(IF(AND(C12<>"",ISNUMBER(E12),ISNUMBER(F12),F12>0,ISNUMBER(G12)),E12/F12*G12,""),"") -> 18.666667
B13: 4 | C13: 고수잎 | D13: 메인 | E13: 10 | F13: 1 | G13: =IFERROR(VLOOKUP(C13,'🥬 식재료 DB'!$C$7:$H$121,6,0),"") | H13: =IFERROR(IF(AND(C13<>"",ISNUMBER(E13),ISNUMBER(F13),F13>0,ISNUMBER(G13)),E13/F13*G13,""),"")
B14: 5 | C14: 통생강 | D14: 메인 | E14: 5 | F14: 1 | G14: =IFERROR(VLOOKUP(C14,'🥬 식재료 DB'!$C$7:$H$121,6,0),"") -> 10 | H14: =IFERROR(IF(AND(C14<>"",ISNUMBER(E14),ISNUMBER(F14),F14>0,ISNUMBER(G14)),E14/F14*G14,""),"") -> 50
B15: 6 | C15: 통마늘 | D15: 메인 | E15: 5 | F15: 1 | G15: =IFERROR(VLOOKUP(C15,'🥬 식재료 DB'!$C$7:$H$121,6,0),"") -> 9 | H15: =IFERROR(IF(AND(C15<>"",ISNUMBER(E15),ISNUMBER(F15),F15>0,ISNUMBER(G15)),E15/F15*G15,""),"") -> 45
B16: 7 | C16: 치킨/머턴 마살라 파우더 | D16: 메인 | E16: 10 | F16: 1 | G16: =IFERROR(VLOOKUP(C16,'🥬 식재료 DB'!$C$7:$H$121,6,0),"") | H16: =IFERROR(IF(AND(C16<>"",ISNUMBER(E16),ISNUMBER(F16),F16>0,ISNUMBER(G16)),E16/F16*G16,""),"")
B17: 8 | C17: CUMIN powder | D17: 메인 | E17: 10 | F17: 1 | G17: =IFERROR(VLOOKUP(C17,'🥬 식재료 DB'!$C$7:$H$121,6,0),"") -> 22.5 | H17: =IFERROR(IF(AND(C17<>"",ISNUMBER(E17),ISNUMBER(F17),F17>0,ISNUMBER(G17)),E17/F17*G17,""),"") -> 225
B18: 9 | C18: 꽃소금 | D18: 메인 | E18: 10 | F18: 1 | G18: =IFERROR(VLOOKUP(C18,'🥬 식재료 DB'!$C$7:$H$121,6,0),"") -> 1 | H18: =IFERROR(IF(AND(C18<>"",ISNUMBER(E18),ISNUMBER(F18),F18>0,ISNUMBER(G18)),E18/F18*G18,""),"") -> 10
B19: 10 | C19: 식용유 | D19: 메인 | E19: 10 | F19: 1 | G19: =IFERROR(VLOOKUP(C19,'🥬 식재료 DB'!$C$7:$H$121,6,0),"") -> 2.75 | H19: =IFERROR(IF(AND(C19<>"",ISNUMBER(E19),ISNUMBER(F19),F19>0,ISNUMBER(G19)),E19/F19*G19,""),"") -> 27.5
B20: 11 | D20: 메인 | G20: =IFERROR(VLOOKUP(C20,'🥬 식재료 DB'!$C$7:$H$121,6,0),"") | H20: =IFERROR(IF(AND(C20<>"",ISNUMBER(E20),ISNUMBER(F20),F20>0,ISNUMBER(G20)),E20/F20*G20,""),"")
B21: 12 | D21: 메인 | G21: =IFERROR(VLOOKUP(C21,'🥬 식재료 DB'!$C$7:$H$121,6,0),"") | H21: =IFERROR(IF(AND(C21<>"",ISNUMBER(E21),ISNUMBER(F21),F21>0,ISNUMBER(G21)),E21/F21*G21,""),"")
B22: ▸ 프렙 재료 (반제품)
B23: 13 | D23: 프렙 | G23: =IFERROR(VLOOKUP(C23,'🧪 프렙 원가표'!$C$8:$D$18,2,0),IFERROR(VLOOKUP(C23,'🥬 식재료 DB'!$C$7:$H$121,6,0),"")) | H23: =IFERROR(IF(AND(C23<>"",ISNUMBER(E23),ISNUMBER(F23),F23>0,ISNUMBER(G23)),E23/F23*G23,""),"")
B24: 14 | D24: 프렙 | G24: =IFERROR(VLOOKUP(C24,'🧪 프렙 원가표'!$C$8:$D$18,2,0),IFERROR(VLOOKUP(C24,'🥬 식재료 DB'!$C$7:$H$121,6,0),"")) | H24: =IFERROR(IF(AND(C24<>"",ISNUMBER(E24),ISNUMBER(F24),F24>0,ISNUMBER(G24)),E24/F24*G24,""),"")
B25: 15 | D25: 프렙 | G25: =IFERROR(VLOOKUP(C25,'🧪 프렙 원가표'!$C$8:$D$18,2,0),IFERROR(VLOOKUP(C25,'🥬 식재료 DB'!$C$7:$H$121,6,0),"")) | H25: =IFERROR(IF(AND(C25<>"",ISNUMBER(E25),ISNUMBER(F25),F25>0,ISNUMBER(G25)),E25/F25*G25,""),"")
B26: 16 | D26: 프렙 | G26: =IFERROR(VLOOKUP(C26,'🧪 프렙 원가표'!$C$8:$D$18,2,0),IFERROR(VLOOKUP(C26,'🥬 식재료 DB'!$C$7:$H$121,6,0),"")) | H26: =IFERROR(IF(AND(C26<>"",ISNUMBER(E26),ISNUMBER(F26),F26>0,ISNUMBER(G26)),E26/F26*G26,""),"")
B27: 17 | D27: 프렙 | G27: =IFERROR(VLOOKUP(C27,'🧪 프렙 원가표'!$C$8:$D$18,2,0),IFERROR(VLOOKUP(C27,'🥬 식재료 DB'!$C$7:$H$121,6,0),"")) | H27: =IFERROR(IF(AND(C27<>"",ISNUMBER(E27),ISNUMBER(F27),F27>0,ISNUMBER(G27)),E27/F27*G27,""),"")
C29: 🍽 졸 모모 | E29: 12000 | F29: =IFERROR(SUM(H31,H32,H33,H34,H35,H36,H37,H38,H39,H40,H41,H42,H44,H45,H46,H47,H48),0) -> 683.66667 | G29: =IFERROR(E29*'💰 고정비용 DB'!$D$22/'💰 고정비용 DB'!$D$25,0) -> 7923.5648 | H29: =IFERROR(G29-F29,"") -> 7239.8981 | I29: =IFERROR(H29/E29,"") -> 0.60332484 | J29: =IF(I29="","⬜ 미입력",IF(I29<=0.2,"✅ 양호",IF(I29<=0.32,"🟡 주의","🔴 과다"))) -> 🔴 과다
B30: ▸ 메인 식재료
B31: 1 | C31: 고급 밀가루 | D31: 메인 | E31: 200 | F31: 1 | G31: =IFERROR(VLOOKUP(C31,'🥬 식재료 DB'!$C$7:$H$121,6,0),"") -> 1.25 | H31: =IFERROR(IF(AND(C31<>"",ISNUMBER(E31),ISNUMBER(F31),F31>0,ISNUMBER(G31)),E31/F31*G31,""),"") -> 250
B32: 2 | C32: 정육 (닭) | D32: 메인 | E32: 100 | F32: 1 | G32: =IFERROR(VLOOKUP(C32,'🥬 식재료 DB'!$C$7:$H$121,6,0),"") | H32: =IFERROR(IF(AND(C32<>"",ISNUMBER(E32),ISNUMBER(F32),F32>0,ISNUMBER(G32)),E32/F32*G32,""),"")
B33: 3 | C33: 토마토 | D33: 메인 | E33: 30 | F33: 1 | G33: =IFERROR(VLOOKUP(C33,'🥬 식재료 DB'!$C$7:$H$121,6,0),"") -> 6 | H33: =IFERROR(IF(AND(C33<>"",ISNUMBER(E33),ISNUMBER(F33),F33>0,ISNUMBER(G33)),E33/F33*G33,""),"") -> 180
B34: 4 | C34: 양파 | D34: 메인 | E34: 20 | F34: 1 | G34: =IFERROR(VLOOKUP(C34,'🥬 식재료 DB'!$C$7:$H$121,6,0),"") -> 0.93333333 | H34: =IFERROR(IF(AND(C34<>"",ISNUMBER(E34),ISNUMBER(F34),F34>0,ISNUMBER(G34)),E34/F34*G34,""),"") -> 18.666667
B35: 5 | C35: CUMIN powder | D35: 메인 | E35: 10 | F35: 1 | G35: =IFERROR(VLOOKUP(C35,'🥬 식재료 DB'!$C$7:$H$121,6,0),"") -> 22.5 | H35: =IFERROR(IF(AND(C35<>"",ISNUMBER(E35),ISNUMBER(F35),F35>0,ISNUMBER(G35)),E35/F35*G35,""),"") -> 225
B36: 6 | C36: 치킨 마살라 파우더 | D36: 메인 | E36: 10 | F36: 1 | G36: =IFERROR(VLOOKUP(C36,'🥬 식재료 DB'!$C$7:$H$121,6,0),"") | H36: =IFERROR(IF(AND(C36<>"",ISNUMBER(E36),ISNUMBER(F36),F36>0,ISNUMBER(G36)),E36/F36*G36,""),"")
B37: 7 | C37: 베트남 고추가루 | D37: 메인 | E37: 10 | F37: 1 | G37: =IFERROR(VLOOKUP(C37,'🥬 식재료 DB'!$C$7:$H$121,6,0),"") | H37: =IFERROR(IF(AND(C37<>"",ISNUMBER(E37),ISNUMBER(F37),F37>0,ISNUMBER(G37)),E37/F37*G37,""),"")
B38: 8 | C38: 꽃소금 | D38: 메인 | E38: 10 | F38: 1 | G38: =IFERROR(VLOOKUP(C38,'🥬 식재료 DB'!$C$7:$H$121,6,0),"") -> 1 | H38: =IFERROR(IF(AND(C38<>"",ISNUMBER(E38),ISNUMBER(F38),F38>0,ISNUMBER(G38)),E38/F38*G38,""),"") -> 10
B39: 9 | C39: 고수잎 | D39: 메인 | E39: 10 | F39: 1 | G39: =IFERROR(VLOOKUP(C39,'🥬 식재료 DB'!$C$7:$H$121,6,0),"") | H39: =IFERROR(IF(AND(C39<>"",ISNUMBER(E39),ISNUMBER(F39),F39>0,ISNUMBER(G39)),E39/F39*G39,""),"")
B40: 10 | D40: 메인 | G40: =IFERROR(VLOOKUP(C40,'🥬 식재료 DB'!$C$7:$H$121,6,0),"") | H40: =IFERROR(IF(AND(C40<>"",ISNUMBER(E40),ISNUMBER(F40),F40>0,ISNUMBER(G40)),E40/F40*G40,""),"")
B41: 11 | D41: 메인 | G41: =IFERROR(VLOOKUP(C41,'🥬 식재료 DB'!$C$7:$H$121,6,0),"") | H41: =IFERROR(IF(AND(C41<>"",ISNUMBER(E41),ISNUMBER(F41),F41>0,ISNUMBER(G41)),E41/F41*G41,""),"")
B42: 12 | D42: 메인 | G42: =IFERROR(VLOOKUP(C42,'🥬 식재료 DB'!$C$7:$H$121,6,0),"") | H42: =IFERROR(IF(AND(C42<>"",ISNUMBER(E42),ISNUMBER(F42),F42>0,ISNUMBER(G42)),E42/F42*G42,""),"")
B43: ▸ 프렙 재료 (반제품)
B44: 13 | D44: 프렙 | G44: =IFERROR(VLOOKUP(C44,'🧪 프렙 원가표'!$C$8:$D$18,2,0),IFERROR(VLOOKUP(C44,'🥬 식재료 DB'!$C$7:$H$121,6,0),"")) | H44: =IFERROR(IF(AND(C44<>"",ISNUMBER(E44),ISNUMBER(F44),F44>0,ISNUMBER(G44)),E44/F44*G44,""),"")
B45: 14 | D45: 프렙 | G45: =IFERROR(VLOOKUP(C45,'🧪 프렙 원가표'!$C$8:$D$18,2,0),IFERROR(VLOOKUP(C45,'🥬 식재료 DB'!$C$7:$H$121,6,0),"")) | H45: =IFERROR(IF(AND(C45<>"",ISNUMBER(E45),ISNUMBER(F45),F45>0,ISNUMBER(G45)),E45/F45*G45,""),"")
B46: 15 | D46: 프렙 | G46: =IFERROR(VLOOKUP(C46,'🧪 프렙 원가표'!$C$8:$D$18,2,0),IFERROR(VLOOKUP(C46,'🥬 식재료 DB'!$C$7:$H$121,6,0),"")) | H46: =IFERROR(IF(AND(C46<>"",ISNUMBER(E46),ISNUMBER(F46),F46>0,ISNUMBER(G46)),E46/F46*G46,""),"")
B47: 16 | D47: 프렙 | G47: =IFERROR(VLOOKUP(C47,'🧪 프렙 원가표'!$C$8:$D$18,2,0),IFERROR(VLOOKUP(C47,'🥬 식재료 DB'!$C$7:$H$121,6,0),"")) | H47: =IFERROR(IF(AND(C47<>"",ISNUMBER(E47),ISNUMBER(F47),F47>0,ISNUMBER(G47)),E47/F47*G47,""),"")
B48: 17 | D48: 프렙 | G48: =IFERROR(VLOOKUP(C48,'🧪 프렙 원가표'!$C$8:$D$18,2,0),IFERROR(VLOOKUP(C48,'🥬 식재료 DB'!$C$7:$H$121,6,0),"")) | H48: =IFERROR(IF(AND(C48<>"",ISNUMBER(E48),ISNUMBER(F48),F48>0,ISNUMBER(G48)),E48/F48*G48,""),"")
C50: 🍽 자오미엔 | E50: 10000 | F50: =IFERROR(SUM(H52,H53,H54,H55,H56,H57,H58,H59,H60,H61,H62,H63,H65,H66,H67,H68,H69),0) -> 871.41111 | G50: =IFERROR(E50*'💰 고정비용 DB'!$D$22/'💰 고정비용 DB'!$D$25,0) -> 6602.9707 | H50: =IFERROR(G50-F50,"") -> 5731.5595 | I50: =IFERROR(H50/E50,"") -> 0.57315595 | J50: =IF(I50="","⬜ 미입력",IF(I50<=0.2,"✅ 양호",IF(I50<=0.32,"🟡 주의","🔴 과다"))) -> 🔴 과다
B51: ▸ 메인 식재료
B52: 1 | C52: 닭가슴살 (정육) | D52: 메인 | E52: 30 | F52: 1 | G52: =IFERROR(VLOOKUP(C52,'🥬 식재료 DB'!$C$7:$H$121,6,0),"") | H52: =IFERROR(IF(AND(C52<>"",ISNUMBER(E52),ISNUMBER(F52),F52>0,ISNUMBER(G52)),E52/F52*G52,""),"")
B53: 2 | C53: 스파게티 면 (삶은 것) | D53: 메인 | E53: 100 | F53: 1 | G53: =IFERROR(VLOOKUP(C53,'🥬 식재료 DB'!$C$7:$H$121,6,0),"") | H53: =IFERROR(IF(AND(C53<>"",ISNUMBER(E53),ISNUMBER(F53),F53>0,ISNUMBER(G53)),E53/F53*G53,""),"")
B54: 3 | C54: 양파 | D54: 메인 | E54: 30 | F54: 1 | G54: =IFERROR(VLOOKUP(C54,'🥬 식재료 DB'!$C$7:$H$121,6,0),"") -> 0.93333333 | H54: =IFERROR(IF(AND(C54<>"",ISNUMBER(E54),ISNUMBER(F54),F54>0,ISNUMBER(G54)),E54/F54*G54,""),"") -> 28
B55: 4 | C55: 청피망 | D55: 메인 | E55: 30 | F55: 1 | G55: =IFERROR(VLOOKUP(C55,'🥬 식재료 DB'!$C$7:$H$121,6,0),"") -> 10 | H55: =IFERROR(IF(AND(C55<>"",ISNUMBER(E55),ISNUMBER(F55),F55>0,ISNUMBER(G55)),E55/F55*G55,""),"") -> 300
B56: 5 | C56: 양배추 | D56: 메인 | E56: 50 | F56: 1 | G56: =IFERROR(VLOOKUP(C56,'🥬 식재료 DB'!$C$7:$H$121,6,0),"") -> 6.6666667 | H56: =IFERROR(IF(AND(C56<>"",ISNUMBER(E56),ISNUMBER(F56),F56>0,ISNUMBER(G56)),E56/F56*G56,""),"") -> 333.33333
B57: 6 | C57: 쪽파 | D57: 메인 | E57: 5 | F57: 1 | G57: =IFERROR(VLOOKUP(C57,'🥬 식재료 DB'!$C$7:$H$121,6,0),"") -> 9.96 | H57: =IFERROR(IF(AND(C57<>"",ISNUMBER(E57),ISNUMBER(F57),F57>0,ISNUMBER(G57)),E57/F57*G57,""),"") -> 49.8
B58: 7 | C58: 고운 고추가루 | D58: 메인 | E58: 10 | F58: 1 | G58: =IFERROR(VLOOKUP(C58,'🥬 식재료 DB'!$C$7:$H$121,6,0),"") -> 14 | H58: =IFERROR(IF(AND(C58<>"",ISNUMBER(E58),ISNUMBER(F58),F58>0,ISNUMBER(G58)),E58/F58*G58,""),"") -> 140
B59: 8 | C59: 베트남 건고추 | D59: 메인 | E59: 10 | F59: 1 | G59: =IFERROR(VLOOKUP(C59,'🥬 식재료 DB'!$C$7:$H$121,6,0),"") | H59: =IFERROR(IF(AND(C59<>"",ISNUMBER(E59),ISNUMBER(F59),F59>0,ISNUMBER(G59)),E59/F59*G59,""),"")
B60: 9 | C60: 꽃소금 | D60: 메인 | E60: 5 | F60: 1 | G60: =IFERROR(VLOOKUP(C60,'🥬 식재료 DB'!$C$7:$H$121,6,0),"") -> 1 | H60: =IFERROR(IF(AND(C60<>"",ISNUMBER(E60),ISNUMBER(F60),F60>0,ISNUMBER(G60)),E60/F60*G60,""),"") -> 5
B61: 10 | C61: 간장 | D61: 메인 | E61: 5 | F61: 1 | G61: =IFERROR(VLOOKUP(C61,'🥬 식재료 DB'!$C$7:$H$121,6,0),"") -> 3.0555556 | H61: =IFERROR(IF(AND(C61<>"",ISNUMBER(E61),ISNUMBER(F61),F61>0,ISNUMBER(G61)),E61/F61*G61,""),"") -> 15.277778
B62: 11 | D62: 메인 | G62: =IFERROR(VLOOKUP(C62,'🥬 식재료 DB'!$C$7:$H$121,6,0),"") | H62: =IFERROR(IF(AND(C62<>"",ISNUMBER(E62),ISNUMBER(F62),F62>0,ISNUMBER(G62)),E62/F62*G62,""),"")
B63: 12 | D63: 메인 | G63: =IFERROR(VLOOKUP(C63,'🥬 식재료 DB'!$C$7:$H$121,6,0),"") | H63: =IFERROR(IF(AND(C63<>"",ISNUMBER(E63),ISNUMBER(F63),F63>0,ISNUMBER(G63)),E63/F63*G63,""),"")
B64: ▸ 프렙 재료 (반제품)
B65: 13 | D65: 프렙 | G65: =IFERROR(VLOOKUP(C65,'🧪 프렙 원가표'!$C$8:$D$18,2,0),IFERROR(VLOOKUP(C65,'🥬 식재료 DB'!$C$7:$H$121,6,0),"")) | H65: =IFERROR(IF(AND(C65<>"",ISNUMBER(E65),ISNUMBER(F65),F65>0,ISNUMBER(G65)),E65/F65*G65,""),"")
B66: 14 | D66: 프렙 | G66: =IFERROR(VLOOKUP(C66,'🧪 프렙 원가표'!$C$8:$D$18,2,0),IFERROR(VLOOKUP(C66,'🥬 식재료 DB'!$C$7:$H$121,6,0),"")) | H66: =IFERROR(IF(AND(C66<>"",ISNUMBER(E66),ISNUMBER(F66),F66>0,ISNUMBER(G66)),E66/F66*G66,""),"")
B67: 15 | D67: 프렙 | G67: =IFERROR(VLOOKUP(C67,'🧪 프렙 원가표'!$C$8:$D$18,2,0),IFERROR(VLOOKUP(C67,'🥬 식재료 DB'!$C$7:$H$121,6,0),"")) | H67: =IFERROR(IF(AND(C67<>"",ISNUMBER(E67),ISNUMBER(F67),F67>0,ISNUMBER(G67)),E67/F67*G67,""),"")
B68: 16 | D68: 프렙 | G68: =IFERROR(VLOOKUP(C68,'🧪 프렙 원가표'!$C$8:$D$18,2,0),IFERROR(VLOOKUP(C68,'🥬 식재료 DB'!$C$7:$H$121,6,0),"")) | H68: =IFERROR(IF(AND(C68<>"",ISNUMBER(E68),ISNUMBER(F68),F68>0,ISNUMBER(G68)),E68/F68*G68,""),"")
B69: 17 | D69: 프렙 | G69: =IFERROR(VLOOKUP(C69,'🧪 프렙 원가표'!$C$8:$D$18,2,0),IFERROR(VLOOKUP(C69,'🥬 식재료 DB'!$C$7:$H$121,6,0),"")) | H69: =IFERROR(IF(AND(C69<>"",ISNUMBER(E69),ISNUMBER(F69),F69>0,ISNUMBER(G69)),E69/F69*G69,""),"")
C71: 🍽 베지 자오미엔 | E71: 10000 | F71: =IFERROR(SUM(H73,H74,H75,H76,H77,H78,H79,H80,H81,H82,H83,H84,H86,H87,H88,H89,H90),0) -> 1002.0145 | G71: =IFERROR(E71*'💰 고정비용 DB'!$D$22/'💰 고정비용 DB'!$D$25,0) -> 6602.9707 | H71: =IFERROR(G71-F71,"") -> 5600.9561 | I71: =IFERROR(H71/E71,"") -> 0.56009561 | J71: =IF(I71="","⬜ 미입력",IF(I71<=0.2,"✅ 양호",IF(I71<=0.32,"🟡 주의","🔴 과다"))) -> 🔴 과다
B72: ▸ 메인 식재료
B73: 1 | C73: 스파게티 면 (삶은 것) | D73: 메인 | E73: 100 | F73: 1 | G73: =IFERROR(VLOOKUP(C73,'🥬 식재료 DB'!$C$7:$H$121,6,0),"") | H73: =IFERROR(IF(AND(C73<>"",ISNUMBER(E73),ISNUMBER(F73),F73>0,ISNUMBER(G73)),E73/F73*G73,""),"")
B74: 2 | C74: 양파 | D74: 메인 | E74: 30 | F74: 1 | G74: =IFERROR(VLOOKUP(C74,'🥬 식재료 DB'!$C$7:$H$121,6,0),"") -> 0.93333333 | H74: =IFERROR(IF(AND(C74<>"",ISNUMBER(E74),ISNUMBER(F74),F74>0,ISNUMBER(G74)),E74/F74*G74,""),"") -> 28
B75: 3 | C75: 청피망 | D75: 메인 | E75: 30 | F75: 1 | G75: =IFERROR(VLOOKUP(C75,'🥬 식재료 DB'!$C$7:$H$121,6,0),"") -> 10 | H75: =IFERROR(IF(AND(C75<>"",ISNUMBER(E75),ISNUMBER(F75),F75>0,ISNUMBER(G75)),E75/F75*G75,""),"") -> 300
B76: 4 | C76: 양배추 | D76: 메인 | E76: 50 | F76: 1 | G76: =IFERROR(VLOOKUP(C76,'🥬 식재료 DB'!$C$7:$H$121,6,0),"") -> 6.6666667 | H76: =IFERROR(IF(AND(C76<>"",ISNUMBER(E76),ISNUMBER(F76),F76>0,ISNUMBER(G76)),E76/F76*G76,""),"") -> 333.33333
B77: 5 | C77: 쪽파 | D77: 메인 | E77: 5 | F77: 1 | G77: =IFERROR(VLOOKUP(C77,'🥬 식재료 DB'!$C$7:$H$121,6,0),"") -> 9.96 | H77: =IFERROR(IF(AND(C77<>"",ISNUMBER(E77),ISNUMBER(F77),F77>0,ISNUMBER(G77)),E77/F77*G77,""),"") -> 49.8
B78: 6 | C78: 고운 고추가루 | D78: 메인 | E78: 10 | F78: 1 | G78: =IFERROR(VLOOKUP(C78,'🥬 식재료 DB'!$C$7:$H$121,6,0),"") -> 14 | H78: =IFERROR(IF(AND(C78<>"",ISNUMBER(E78),ISNUMBER(F78),F78>0,ISNUMBER(G78)),E78/F78*G78,""),"") -> 140
B79: 7 | C79: 베트남 건고추 | D79: 메인 | E79: 10 | F79: 1 | G79: =IFERROR(VLOOKUP(C79,'🥬 식재료 DB'!$C$7:$H$121,6,0),"") | H79: =IFERROR(IF(AND(C79<>"",ISNUMBER(E79),ISNUMBER(F79),F79>0,ISNUMBER(G79)),E79/F79*G79,""),"")
B80: 8 | C80: 꽃소금 | D80: 메인 | E80: 5 | F80: 1 | G80: =IFERROR(VLOOKUP(C80,'🥬 식재료 DB'!$C$7:$H$121,6,0),"") -> 1 | H80: =IFERROR(IF(AND(C80<>"",ISNUMBER(E80),ISNUMBER(F80),F80>0,ISNUMBER(G80)),E80/F80*G80,""),"") -> 5
B81: 9 | D81: 메인 | G81: =IFERROR(VLOOKUP(C81,'🥬 식재료 DB'!$C$7:$H$121,6,0),"") | H81: =IFERROR(IF(AND(C81<>"",ISNUMBER(E81),ISNUMBER(F81),F81>0,ISNUMBER(G81)),E81/F81*G81,""),"")
B82: 10 | D82: 메인 | G82: =IFERROR(VLOOKUP(C82,'🥬 식재료 DB'!$C$7:$H$121,6,0),"") | H82: =IFERROR(IF(AND(C82<>"",ISNUMBER(E82),ISNUMBER(F82),F82>0,ISNUMBER(G82)),E82/F82*G82,""),"")
B83: 11 | D83: 메인 | G83: =IFERROR(VLOOKUP(C83,'🥬 식재료 DB'!$C$7:$H$121,6,0),"") | H83: =IFERROR(IF(AND(C83<>"",ISNUMBER(E83),ISNUMBER(F83),F83>0,ISNUMBER(G83)),E83/F83*G83,""),"")
B84: 12 | D84: 메인 | G84: =IFERROR(VLOOKUP(C84,'🥬 식재료 DB'!$C$7:$H$121,6,0),"") | H84: =IFERROR(IF(AND(C84<>"",ISNUMBER(E84),ISNUMBER(F84),F84>0,ISNUMBER(G84)),E84/F84*G84,""),"")
B85: ▸ 프렙 재료 (반제품)
B86: 13 | C86: 커리 그레이비 소스 | D86: 프렙 | E86: 50 | F86: 1 | G86: =IFERROR(VLOOKUP(C86,'🧪 프렙 원가표'!$C$8:$D$18,2,0),IFERROR(VLOOKUP(C86,'🥬 식재료 DB'!$C$7:$H$121,6,0),"")) -> 2.9176238 | H86: =IFERROR(IF(AND(C86<>"",ISNUMBER(E86),ISNUMBER(F86),F86>0,ISNUMBER(G86)),E86/F86*G86,""),"") -> 145.88119
B87: 14 | D87: 프렙 | G87: =IFERROR(VLOOKUP(C87,'🧪 프렙 원가표'!$C$8:$D$18,2,0),IFERROR(VLOOKUP(C87,'🥬 식재료 DB'!$C$7:$H$121,6,0),"")) | H87: =IFERROR(IF(AND(C87<>"",ISNUMBER(E87),ISNUMBER(F87),F87>0,ISNUMBER(G87)),E87/F87*G87,""),"")
B88: 15 | D88: 프렙 | G88: =IFERROR(VLOOKUP(C88,'🧪 프렙 원가표'!$C$8:$D$18,2,0),IFERROR(VLOOKUP(C88,'🥬 식재료 DB'!$C$7:$H$121,6,0),"")) | H88: =IFERROR(IF(AND(C88<>"",ISNUMBER(E88),ISNUMBER(F88),F88>0,ISNUMBER(G88)),E88/F88*G88,""),"")
B89: 16 | D89: 프렙 | G89: =IFERROR(VLOOKUP(C89,'🧪 프렙 원가표'!$C$8:$D$18,2,0),IFERROR(VLOOKUP(C89,'🥬 식재료 DB'!$C$7:$H$121,6,0),"")) | H89: =IFERROR(IF(AND(C89<>"",ISNUMBER(E89),ISNUMBER(F89),F89>0,ISNUMBER(G89)),E89/F89*G89,""),"")
B90: 17 | D90: 프렙 | G90: =IFERROR(VLOOKUP(C90,'🧪 프렙 원가표'!$C$8:$D$18,2,0),IFERROR(VLOOKUP(C90,'🥬 식재료 DB'!$C$7:$H$121,6,0),"")) | H90: =IFERROR(IF(AND(C90<>"",ISNUMBER(E90),ISNUMBER(F90),F90>0,ISNUMBER(G90)),E90/F90*G90,""),"")
C92: 🍽 사모사 | E92: 6000 | F92: =IFERROR(SUM(H94,H95,H96,H97,H98,H99,H100,H101,H102,H103,H104,H105,H107,H108,H109,H110,H111),0) -> 623.75 | G92: =IFERROR(E92*'💰 고정비용 DB'!$D$22/'💰 고정비용 DB'!$D$25,0) -> 3961.7824 | H92: =IFERROR(G92-F92,"") -> 3338.0324 | I92: =IFERROR(H92/E92,"") -> 0.55633873 | J92: =IF(I92="","⬜ 미입력",IF(I92<=0.2,"✅ 양호",IF(I92<=0.32,"🟡 주의","🔴 과다"))) -> 🔴 과다
B93: ▸ 메인 식재료
B94: 1 | C94: 고급 밀가루 | D94: 메인 | E94: 70 | F94: 1 | G94: =IFERROR(VLOOKUP(C94,'🥬 식재료 DB'!$C$7:$H$121,6,0),"") -> 1.25 | H94: =IFERROR(IF(AND(C94<>"",ISNUMBER(E94),ISNUMBER(F94),F94>0,ISNUMBER(G94)),E94/F94*G94,""),"") -> 87.5
B95: 2 | C95: 감자 | D95: 메인 | E95: 40 | F95: 1 | G95: =IFERROR(VLOOKUP(C95,'🥬 식재료 DB'!$C$7:$H$121,6,0),"") -> 1.75 | H95: =IFERROR(IF(AND(C95<>"",ISNUMBER(E95),ISNUMBER(F95),F95>0,ISNUMBER(G95)),E95/F95*G95,""),"") -> 70
B96: 3 | C96: 완두콩 | D96: 메인 | E96: 10 | F96: 1 | G96: =IFERROR(VLOOKUP(C96,'🥬 식재료 DB'!$C$7:$H$121,6,0),"") -> 2.625 | H96: =IFERROR(IF(AND(C96<>"",ISNUMBER(E96),ISNUMBER(F96),F96>0,ISNUMBER(G96)),E96/F96*G96,""),"") -> 26.25
B97: 4 | C97: CUMIN SEED WHOLE | D97: 메인 | E97: 10 | F97: 1 | G97: =IFERROR(VLOOKUP(C97,'🥬 식재료 DB'!$C$7:$H$121,6,0),"") -> 22.5 | H97: =IFERROR(IF(AND(C97<>"",ISNUMBER(E97),ISNUMBER(F97),F97>0,ISNUMBER(G97)),E97/F97*G97,""),"") -> 225
B98: 5 | C98: CHAAT MASALA | D98: 메인 | E98: 10 | F98: 1 | G98: =IFERROR(VLOOKUP(C98,'🥬 식재료 DB'!$C$7:$H$121,6,0),"") | H98: =IFERROR(IF(AND(C98<>"",ISNUMBER(E98),ISNUMBER(F98),F98>0,ISNUMBER(G98)),E98/F98*G98,""),"")
B99: 6 | C99: 고운 고추가루 | D99: 메인 | E99: 10 | F99: 1 | G99: =IFERROR(VLOOKUP(C99,'🥬 식재료 DB'!$C$7:$H$121,6,0),"") -> 14 | H99: =IFERROR(IF(AND(C99<>"",ISNUMBER(E99),ISNUMBER(F99),F99>0,ISNUMBER(G99)),E99/F99*G99,""),"") -> 140
B100: 7 | C100: 고수잎 | D100: 메인 | E100: 20 | F100: 1 | G100: =IFERROR(VLOOKUP(C100,'🥬 식재료 DB'!$C$7:$H$121,6,0),"") | H100: =IFERROR(IF(AND(C100<>"",ISNUMBER(E100),ISNUMBER(F100),F100>0,ISNUMBER(G100)),E100/F100*G100,""),"")
B101: 8 | C101: 꽃소금 | D101: 메인 | E101: 20 | F101: 1 | G101: =IFERROR(VLOOKUP(C101,'🥬 식재료 DB'!$C$7:$H$121,6,0),"") -> 1 | H101: =IFERROR(IF(AND(C101<>"",ISNUMBER(E101),ISNUMBER(F101),F101>0,ISNUMBER(G101)),E101/F101*G101,""),"") -> 20
B102: 9 | C102: 식용유 | D102: 메인 | E102: 20 | F102: 1 | G102: =IFERROR(VLOOKUP(C102,'🥬 식재료 DB'!$C$7:$H$121,6,0),"") -> 2.75 | H102: =IFERROR(IF(AND(C102<>"",ISNUMBER(E102),ISNUMBER(F102),F102>0,ISNUMBER(G102)),E102/F102*G102,""),"") -> 55
B103: 10 | D103: 메인 | G103: =IFERROR(VLOOKUP(C103,'🥬 식재료 DB'!$C$7:$H$121,6,0),"") | H103: =IFERROR(IF(AND(C103<>"",ISNUMBER(E103),ISNUMBER(F103),F103>0,ISNUMBER(G103)),E103/F103*G103,""),"")
B104: 11 | D104: 메인 | G104: =IFERROR(VLOOKUP(C104,'🥬 식재료 DB'!$C$7:$H$121,6,0),"") | H104: =IFERROR(IF(AND(C104<>"",ISNUMBER(E104),ISNUMBER(F104),F104>0,ISNUMBER(G104)),E104/F104*G104,""),"")
B105: 12 | D105: 메인 | G105: =IFERROR(VLOOKUP(C105,'🥬 식재료 DB'!$C$7:$H$121,6,0),"") | H105: =IFERROR(IF(AND(C105<>"",ISNUMBER(E105),ISNUMBER(F105),F105>0,ISNUMBER(G105)),E105/F105*G105,""),"")
B106: ▸ 프렙 재료 (반제품)
B107: 13 | D107: 프렙 | G107: =IFERROR(VLOOKUP(C107,'🧪 프렙 원가표'!$C$8:$D$18,2,0),IFERROR(VLOOKUP(C107,'🥬 식재료 DB'!$C$7:$H$121,6,0),"")) | H107: =IFERROR(IF(AND(C107<>"",ISNUMBER(E107),ISNUMBER(F107),F107>0,ISNUMBER(G107)),E107/F107*G107,""),"")
...

Sheet 🫓 빵류
B2: EVEREST RESTAURANT GROUP · 🫓 빵류 원가 계산표
B4: 📌 녹색=자동계산 노란색=입력값 | 식재료 DB/고정비용 DB 수정 시 자동 갱신됩니다.
B5: 📌 ▣ 색상 헤더 행: E=판매가 F=식재료원가 G=고정비용배분 H=총원가 I=총원가율 J=판정
B7: No. | C7: 식재료명 | D7: 구분 | E7: 사용량(g) | F7: 수율(%) | G7: g당 단가(원) | H7: 재료 원가(원) | I7: 비고
C8: 🍽 허니난 | E8: 4000 | F8: =IFERROR(SUM(H10,H11,H12,H13,H14,H15,H16,H17,H18,H19,H20,H21,H23,H24,H25,H26,H27),0) -> 238 | G8: =IFERROR(E8*'💰 고정비용 DB'!$D$22/'💰 고정비용 DB'!$D$25,0) -> 2641.1883 | H8: =IFERROR(G8-F8,"") -> 2403.1883 | I8: =IFERROR(H8/E8,"") -> 0.60079707 | J8: =IF(I8="","⬜ 미입력",IF(I8<=0.2,"✅ 양호",IF(I8<=0.32,"🟡 주의","🔴 과다"))) -> 🔴 과다
B9: ▸ 메인 식재료
B10: 1 | C10: 중2등급 밀가루 | D10: 메인 | E10: 160 | F10: 1 | G10: =IFERROR(VLOOKUP(C10,'🥬 식재료 DB'!$C$7:$H$121,6,0),"") -> 0.75 | H10: =IFERROR(IF(AND(C10<>"",ISNUMBER(E10),ISNUMBER(F10),F10>0,ISNUMBER(G10)),E10/F10*G10,""),"") -> 120
B11: 2 | C11: 허니 | D11: 메인 | E11: 20 | F11: 1 | G11: =IFERROR(VLOOKUP(C11,'🥬 식재료 DB'!$C$7:$H$121,6,0),"") | H11: =IFERROR(IF(AND(C11<>"",ISNUMBER(E11),ISNUMBER(F11),F11>0,ISNUMBER(G11)),E11/F11*G11,""),"")
B12: 3 | C12: 열탄 | D12: 메인 | E12: 50 | F12: 1 | G12: =IFERROR(VLOOKUP(C12,'🥬 식재료 DB'!$C$7:$H$121,6,0),"") -> 2.36 | H12: =IFERROR(IF(AND(C12<>"",ISNUMBER(E12),ISNUMBER(F12),F12>0,ISNUMBER(G12)),E12/F12*G12,""),"") -> 118
B13: 4 | D13: 메인 | G13: =IFERROR(VLOOKUP(C13,'🥬 식재료 DB'!$C$7:$H$121,6,0),"") | H13: =IFERROR(IF(AND(C13<>"",ISNUMBER(E13),ISNUMBER(F13),F13>0,ISNUMBER(G13)),E13/F13*G13,""),"")
B14: 5 | D14: 메인 | G14: =IFERROR(VLOOKUP(C14,'🥬 식재료 DB'!$C$7:$H$121,6,0),"") | H14: =IFERROR(IF(AND(C14<>"",ISNUMBER(E14),ISNUMBER(F14),F14>0,ISNUMBER(G14)),E14/F14*G14,""),"")
B15: 6 | D15: 메인 | G15: =IFERROR(VLOOKUP(C15,'🥬 식재료 DB'!$C$7:$H$121,6,0),"") | H15: =IFERROR(IF(AND(C15<>"",ISNUMBER(E15),ISNUMBER(F15),F15>0,ISNUMBER(G15)),E15/F15*G15,""),"")
B16: 7 | D16: 메인 | G16: =IFERROR(VLOOKUP(C16,'🥬 식재료 DB'!$C$7:$H$121,6,0),"") | H16: =IFERROR(IF(AND(C16<>"",ISNUMBER(E16),ISNUMBER(F16),F16>0,ISNUMBER(G16)),E16/F16*G16,""),"")
B17: 8 | D17: 메인 | G17: =IFERROR(VLOOKUP(C17,'🥬 식재료 DB'!$C$7:$H$121,6,0),"") | H17: =IFERROR(IF(AND(C17<>"",ISNUMBER(E17),ISNUMBER(F17),F17>0,ISNUMBER(G17)),E17/F17*G17,""),"")
B18: 9 | D18: 메인 | G18: =IFERROR(VLOOKUP(C18,'🥬 식재료 DB'!$C$7:$H$121,6,0),"") | H18: =IFERROR(IF(AND(C18<>"",ISNUMBER(E18),ISNUMBER(F18),F18>0,ISNUMBER(G18)),E18/F18*G18,""),"")
B19: 10 | D19: 메인 | G19: =IFERROR(VLOOKUP(C19,'🥬 식재료 DB'!$C$7:$H$121,6,0),"") | H19: =IFERROR(IF(AND(C19<>"",ISNUMBER(E19),ISNUMBER(F19),F19>0,ISNUMBER(G19)),E19/F19*G19,""),"")
B20: 11 | D20: 메인 | G20: =IFERROR(VLOOKUP(C20,'🥬 식재료 DB'!$C$7:$H$121,6,0),"") | H20: =IFERROR(IF(AND(C20<>"",ISNUMBER(E20),ISNUMBER(F20),F20>0,ISNUMBER(G20)),E20/F20*G20,""),"")
B21: 12 | D21: 메인 | G21: =IFERROR(VLOOKUP(C21,'🥬 식재료 DB'!$C$7:$H$121,6,0),"") | H21: =IFERROR(IF(AND(C21<>"",ISNUMBER(E21),ISNUMBER(F21),F21>0,ISNUMBER(G21)),E21/F21*G21,""),"")
B22: ▸ 프렙 재료 (반제품)
B23: 13 | D23: 프렙 | G23: =IFERROR(VLOOKUP(C23,'🧪 프렙 원가표'!$C$8:$D$18,2,0),IFERROR(VLOOKUP(C23,'🥬 식재료 DB'!$C$7:$H$121,6,0),"")) | H23: =IFERROR(IF(AND(C23<>"",ISNUMBER(E23),ISNUMBER(F23),F23>0,ISNUMBER(G23)),E23/F23*G23,""),"")
B24: 14 | D24: 프렙 | G24: =IFERROR(VLOOKUP(C24,'🧪 프렙 원가표'!$C$8:$D$18,2,0),IFERROR(VLOOKUP(C24,'🥬 식재료 DB'!$C$7:$H$121,6,0),"")) | H24: =IFERROR(IF(AND(C24<>"",ISNUMBER(E24),ISNUMBER(F24),F24>0,ISNUMBER(G24)),E24/F24*G24,""),"")
B25: 15 | D25: 프렙 | G25: =IFERROR(VLOOKUP(C25,'🧪 프렙 원가표'!$C$8:$D$18,2,0),IFERROR(VLOOKUP(C25,'🥬 식재료 DB'!$C$7:$H$121,6,0),"")) | H25: =IFERROR(IF(AND(C25<>"",ISNUMBER(E25),ISNUMBER(F25),F25>0,ISNUMBER(G25)),E25/F25*G25,""),"")
B26: 16 | D26: 프렙 | G26: =IFERROR(VLOOKUP(C26,'🧪 프렙 원가표'!$C$8:$D$18,2,0),IFERROR(VLOOKUP(C26,'🥬 식재료 DB'!$C$7:$H$121,6,0),"")) | H26: =IFERROR(IF(AND(C26<>"",ISNUMBER(E26),ISNUMBER(F26),F26>0,ISNUMBER(G26)),E26/F26*G26,""),"")
B27: 17 | D27: 프렙 | G27: =IFERROR(VLOOKUP(C27,'🧪 프렙 원가표'!$C$8:$D$18,2,0),IFERROR(VLOOKUP(C27,'🥬 식재료 DB'!$C$7:$H$121,6,0),"")) | H27: =IFERROR(IF(AND(C27<>"",ISNUMBER(E27),ISNUMBER(F27),F27>0,ISNUMBER(G27)),E27/F27*G27,""),"")
C29: 🍽 치즈난 | E29: 6000 | F29: =IFERROR(SUM(H31,H32,H33,H34,H35,H36,H37,H38,H39,H40,H41,H42,H44,H45,H46,H47,H48),0) -> 1973.125 | G29: =IFERROR(E29*'💰 고정비용 DB'!$D$22/'💰 고정비용 DB'!$D$25,0) -> 3961.7824 | H29: =IFERROR(G29-F29,"") -> 1988.6574 | I29: =IFERROR(H29/E29,"") -> 0.3314429 | J29: =IF(I29="","⬜ 미입력",IF(I29<=0.2,"✅ 양호",IF(I29<=0.32,"🟡 주의","🔴 과다"))) -> 🔴 과다
B30: ▸ 메인 식재료
B31: 1 | C31: 중2등급 밀가루 | D31: 메인 | E31: 160 | F31: 1 | G31: =IFERROR(VLOOKUP(C31,'🥬 식재료 DB'!$C$7:$H$121,6,0),"") -> 0.75 | H31: =IFERROR(IF(AND(C31<>"",ISNUMBER(E31),ISNUMBER(F31),F31>0,ISNUMBER(G31)),E31/F31*G31,""),"") -> 120
B32: 2 | C32: ASEEL PURE GHEE | D32: 메인 | E32: 5 | F32: 1 | G32: =IFERROR(VLOOKUP(C32,'🥬 식재료 DB'!$C$7:$H$121,6,0),"") -> 18.125 | H32: =IFERROR(IF(AND(C32<>"",ISNUMBER(E32),ISNUMBER(F32),F32>0,ISNUMBER(G32)),E32/F32*G32,""),"") -> 90.625
B33: 3 | C33: 치즈난 분말치즈 | D33: 메인 | E33: 75 | F33: 1 | G33: =IFERROR(VLOOKUP(C33,'🥬 식재료 DB'!$C$7:$H$121,6,0),"") -> 23.5 | H33: =IFERROR(IF(AND(C33<>"",ISNUMBER(E33),ISNUMBER(F33),F33>0,ISNUMBER(G33)),E33/F33*G33,""),"") -> 1762.5
B34: 4 | D34: 메인 | G34: =IFERROR(VLOOKUP(C34,'🥬 식재료 DB'!$C$7:$H$121,6,0),"") | H34: =IFERROR(IF(AND(C34<>"",ISNUMBER(E34),ISNUMBER(F34),F34>0,ISNUMBER(G34)),E34/F34*G34,""),"")
B35: 5 | D35: 메인 | G35: =IFERROR(VLOOKUP(C35,'🥬 식재료 DB'!$C$7:$H$121,6,0),"") | H35: =IFERROR(IF(AND(C35<>"",ISNUMBER(E35),ISNUMBER(F35),F35>0,ISNUMBER(G35)),E35/F35*G35,""),"")
B36: 6 | D36: 메인 | G36: =IFERROR(VLOOKUP(C36,'🥬 식재료 DB'!$C$7:$H$121,6,0),"") | H36: =IFERROR(IF(AND(C36<>"",ISNUMBER(E36),ISNUMBER(F36),F36>0,ISNUMBER(G36)),E36/F36*G36,""),"")
B37: 7 | D37: 메인 | G37: =IFERROR(VLOOKUP(C37,'🥬 식재료 DB'!$C$7:$H$121,6,0),"") | H37: =IFERROR(IF(AND(C37<>"",ISNUMBER(E37),ISNUMBER(F37),F37>0,ISNUMBER(G37)),E37/F37*G37,""),"")
B38: 8 | D38: 메인 | G38: =IFERROR(VLOOKUP(C38,'🥬 식재료 DB'!$C$7:$H$121,6,0),"") | H38: =IFERROR(IF(AND(C38<>"",ISNUMBER(E38),ISNUMBER(F38),F38>0,ISNUMBER(G38)),E38/F38*G38,""),"")
B39: 9 | D39: 메인 | G39: =IFERROR(VLOOKUP(C39,'🥬 식재료 DB'!$C$7:$H$121,6,0),"") | H39: =IFERROR(IF(AND(C39<>"",ISNUMBER(E39),ISNUMBER(F39),F39>0,ISNUMBER(G39)),E39/F39*G39,""),"")
B40: 10 | D40: 메인 | G40: =IFERROR(VLOOKUP(C40,'🥬 식재료 DB'!$C$7:$H$121,6,0),"") | H40: =IFERROR(IF(AND(C40<>"",ISNUMBER(E40),ISNUMBER(F40),F40>0,ISNUMBER(G40)),E40/F40*G40,""),"")
B41: 11 | D41: 메인 | G41: =IFERROR(VLOOKUP(C41,'🥬 식재료 DB'!$C$7:$H$121,6,0),"") | H41: =IFERROR(IF(AND(C41<>"",ISNUMBER(E41),ISNUMBER(F41),F41>0,ISNUMBER(G41)),E41/F41*G41,""),"")
B42: 12 | D42: 메인 | G42: =IFERROR(VLOOKUP(C42,'🥬 식재료 DB'!$C$7:$H$121,6,0),"") | H42: =IFERROR(IF(AND(C42<>"",ISNUMBER(E42),ISNUMBER(F42),F42>0,ISNUMBER(G42)),E42/F42*G42,""),"")
B43: ▸ 프렙 재료 (반제품)
B44: 13 | D44: 프렙 | G44: =IFERROR(VLOOKUP(C44,'🧪 프렙 원가표'!$C$8:$D$18,2,0),IFERROR(VLOOKUP(C44,'🥬 식재료 DB'!$C$7:$H$121,6,0),"")) | H44: =IFERROR(IF(AND(C44<>"",ISNUMBER(E44),ISNUMBER(F44),F44>0,ISNUMBER(G44)),E44/F44*G44,""),"")
B45: 14 | D45: 프렙 | G45: =IFERROR(VLOOKUP(C45,'🧪 프렙 원가표'!$C$8:$D$18,2,0),IFERROR(VLOOKUP(C45,'🥬 식재료 DB'!$C$7:$H$121,6,0),"")) | H45: =IFERROR(IF(AND(C45<>"",ISNUMBER(E45),ISNUMBER(F45),F45>0,ISNUMBER(G45)),E45/F45*G45,""),"")
B46: 15 | D46: 프렙 | G46: =IFERROR(VLOOKUP(C46,'🧪 프렙 원가표'!$C$8:$D$18,2,0),IFERROR(VLOOKUP(C46,'🥬 식재료 DB'!$C$7:$H$121,6,0),"")) | H46: =IFERROR(IF(AND(C46<>"",ISNUMBER(E46),ISNUMBER(F46),F46>0,ISNUMBER(G46)),E46/F46*G46,""),"")
B47: 16 | D47: 프렙 | G47: =IFERROR(VLOOKUP(C47,'🧪 프렙 원가표'!$C$8:$D$18,2,0),IFERROR(VLOOKUP(C47,'🥬 식재료 DB'!$C$7:$H$121,6,0),"")) | H47: =IFERROR(IF(AND(C47<>"",ISNUMBER(E47),ISNUMBER(F47),F47>0,ISNUMBER(G47)),E47/F47*G47,""),"")
B48: 17 | D48: 프렙 | G48: =IFERROR(VLOOKUP(C48,'🧪 프렙 원가표'!$C$8:$D$18,2,0),IFERROR(VLOOKUP(C48,'🥬 식재료 DB'!$C$7:$H$121,6,0),"")) | H48: =IFERROR(IF(AND(C48<>"",ISNUMBER(E48),ISNUMBER(F48),F48>0,ISNUMBER(G48)),E48/F48*G48,""),"")
C50: 🍽 플레인난 | E50: 3000 | F50: =IFERROR(SUM(H52,H53,H54,H55,H56,H57,H58,H59,H60,H61,H62,H63,H65,H66,H67,H68,H69),0) -> 182.22436 | G50: =IFERROR(E50*'💰 고정비용 DB'!$D$22/'💰 고정비용 DB'!$D$25,0) -> 1980.8912 | H50: =IFERROR(G50-F50,"") -> 1798.6668 | I50: =IFERROR(H50/E50,"") -> 0.59955561 | J50: =IF(I50="","⬜ 미입력",IF(I50<=0.2,"✅ 양호",IF(I50<=0.32,"🟡 주의","🔴 과다"))) -> 🔴 과다
B51: ▸ 메인 식재료
B52: 1 | C52: 중2등급 밀가루 | D52: 메인 | E52: 100 | F52: 1 | G52: =IFERROR(VLOOKUP(C52,'🥬 식재료 DB'!$C$7:$H$121,6,0),"") -> 0.75 | H52: =IFERROR(IF(AND(C52<>"",ISNUMBER(E52),ISNUMBER(F52),F52>0,ISNUMBER(G52)),E52/F52*G52,""),"") -> 75
B53: 2 | C53: 멸균우유 | D53: 메인 | E53: 30 | F53: 1 | G53: =IFERROR(VLOOKUP(C53,'🥬 식재료 DB'!$C$7:$H$121,6,0),"") -> 1.65 | H53: =IFERROR(IF(AND(C53<>"",ISNUMBER(E53),ISNUMBER(F53),F53>0,ISNUMBER(G53)),E53/F53*G53,""),"") -> 49.5
B54: 3 | C54: 계란 | D54: 메인 | E54: 10 | F54: 1 | G54: =IFERROR(VLOOKUP(C54,'🥬 식재료 DB'!$C$7:$H$121,6,0),"") -> 3.2307692 | H54: =IFERROR(IF(AND(C54<>"",ISNUMBER(E54),ISNUMBER(F54),F54>0,ISNUMBER(G54)),E54/F54*G54,""),"") -> 32.307692
B55: 4 | C55: 설탕 | D55: 메인 | E55: 5 | F55: 1 | G55: =IFERROR(VLOOKUP(C55,'🥬 식재료 DB'!$C$7:$H$121,6,0),"") -> 1.3333333 | H55: =IFERROR(IF(AND(C55<>"",ISNUMBER(E55),ISNUMBER(F55),F55>0,ISNUMBER(G55)),E55/F55*G55,""),"") -> 6.6666667
B56: 5 | C56: 꽃소금 | D56: 메인 | E56: 5 | F56: 1 | G56: =IFERROR(VLOOKUP(C56,'🥬 식재료 DB'!$C$7:$H$121,6,0),"") -> 1 | H56: =IFERROR(IF(AND(C56<>"",ISNUMBER(E56),ISNUMBER(F56),F56>0,ISNUMBER(G56)),E56/F56*G56,""),"") -> 5
B57: 6 | C57: 베이킹 파우더 | D57: 메인 | E57: 3 | F57: 1 | G57: =IFERROR(VLOOKUP(C57,'🥬 식재료 DB'!$C$7:$H$121,6,0),"") | H57: =IFERROR(IF(AND(C57<>"",ISNUMBER(E57),ISNUMBER(F57),F57>0,ISNUMBER(G57)),E57/F57*G57,""),"")
B58: 7 | C58: 식용유 | D58: 메인 | E58: 5 | F58: 1 | G58: =IFERROR(VLOOKUP(C58,'🥬 식재료 DB'!$C$7:$H$121,6,0),"") -> 2.75 | H58: =IFERROR(IF(AND(C58<>"",ISNUMBER(E58),ISNUMBER(F58),F58>0,ISNUMBER(G58)),E58/F58*G58,""),"") -> 13.75
B59: 8 | D59: 메인 | G59: =IFERROR(VLOOKUP(C59,'🥬 식재료 DB'!$C$7:$H$121,6,0),"") | H59: =IFERROR(IF(AND(C59<>"",ISNUMBER(E59),ISNUMBER(F59),F59>0,ISNUMBER(G59)),E59/F59*G59,""),"")
B60: 9 | D60: 메인 | G60: =IFERROR(VLOOKUP(C60,'🥬 식재료 DB'!$C$7:$H$121,6,0),"") | H60: =IFERROR(IF(AND(C60<>"",ISNUMBER(E60),ISNUMBER(F60),F60>0,ISNUMBER(G60)),E60/F60*G60,""),"")
B61: 10 | D61: 메인 | G61: =IFERROR(VLOOKUP(C61,'🥬 식재료 DB'!$C$7:$H$121,6,0),"") | H61: =IFERROR(IF(AND(C61<>"",ISNUMBER(E61),ISNUMBER(F61),F61>0,ISNUMBER(G61)),E61/F61*G61,""),"")
B62: 11 | D62: 메인 | G62: =IFERROR(VLOOKUP(C62,'🥬 식재료 DB'!$C$7:$H$121,6,0),"") | H62: =IFERROR(IF(AND(C62<>"",ISNUMBER(E62),ISNUMBER(F62),F62>0,ISNUMBER(G62)),E62/F62*G62,""),"")
B63: 12 | D63: 메인 | G63: =IFERROR(VLOOKUP(C63,'🥬 식재료 DB'!$C$7:$H$121,6,0),"") | H63: =IFERROR(IF(AND(C63<>"",ISNUMBER(E63),ISNUMBER(F63),F63>0,ISNUMBER(G63)),E63/F63*G63,""),"")
B64: ▸ 프렙 재료 (반제품)
B65: 13 | D65: 프렙 | G65: =IFERROR(VLOOKUP(C65,'🧪 프렙 원가표'!$C$8:$D$18,2,0),IFERROR(VLOOKUP(C65,'🥬 식재료 DB'!$C$7:$H$121,6,0),"")) | H65: =IFERROR(IF(AND(C65<>"",ISNUMBER(E65),ISNUMBER(F65),F65>0,ISNUMBER(G65)),E65/F65*G65,""),"")
B66: 14 | D66: 프렙 | G66: =IFERROR(VLOOKUP(C66,'🧪 프렙 원가표'!$C$8:$D$18,2,0),IFERROR(VLOOKUP(C66,'🥬 식재료 DB'!$C$7:$H$121,6,0),"")) | H66: =IFERROR(IF(AND(C66<>"",ISNUMBER(E66),ISNUMBER(F66),F66>0,ISNUMBER(G66)),E66/F66*G66,""),"")
B67: 15 | D67: 프렙 | G67: =IFERROR(VLOOKUP(C67,'🧪 프렙 원가표'!$C$8:$D$18,2,0),IFERROR(VLOOKUP(C67,'🥬 식재료 DB'!$C$7:$H$121,6,0),"")) | H67: =IFERROR(IF(AND(C67<>"",ISNUMBER(E67),ISNUMBER(F67),F67>0,ISNUMBER(G67)),E67/F67*G67,""),"")
B68: 16 | D68: 프렙 | G68: =IFERROR(VLOOKUP(C68,'🧪 프렙 원가표'!$C$8:$D$18,2,0),IFERROR(VLOOKUP(C68,'🥬 식재료 DB'!$C$7:$H$121,6,0),"")) | H68: =IFERROR(IF(AND(C68<>"",ISNUMBER(E68),ISNUMBER(F68),F68>0,ISNUMBER(G68)),E68/F68*G68,""),"")
B69: 17 | D69: 프렙 | G69: =IFERROR(VLOOKUP(C69,'🧪 프렙 원가표'!$C$8:$D$18,2,0),IFERROR(VLOOKUP(C69,'🥬 식재료 DB'!$C$7:$H$121,6,0),"")) | H69: =IFERROR(IF(AND(C69<>"",ISNUMBER(E69),ISNUMBER(F69),F69>0,ISNUMBER(G69)),E69/F69*G69,""),"")
C71: 🍽 갈릭 난 | E71: 3500 | F71: =IFERROR(SUM(H73,H74,H75,H76,H77,H78,H79,H80,H81,H82,H83,H84,H86,H87,H88,H89,H90),0) -> 439.72436 | G71: =IFERROR(E71*'💰 고정비용 DB'!$D$22/'💰 고정비용 DB'!$D$25,0) -> 2311.0397 | H71: =IFERROR(G71-F71,"") -> 1871.3154 | I71: =IFERROR(H71/E71,"") -> 0.53466153 | J71: =IF(I71="","⬜ 미입력",IF(I71<=0.2,"✅ 양호",IF(I71<=0.32,"🟡 주의","🔴 과다"))) -> 🔴 과다
B72: ▸ 메인 식재료
B73: 1 | C73: 중2등급 밀가루 | D73: 메인 | E73: 100 | F73: 1 | G73: =IFERROR(VLOOKUP(C73,'🥬 식재료 DB'!$C$7:$H$121,6,0),"") -> 0.75 | H73: =IFERROR(IF(AND(C73<>"",ISNUMBER(E73),ISNUMBER(F73),F73>0,ISNUMBER(G73)),E73/F73*G73,""),"") -> 75
B74: 2 | C74: 멸균우유 | D74: 메인 | E74: 30 | F74: 1 | G74: =IFERROR(VLOOKUP(C74,'🥬 식재료 DB'!$C$7:$H$121,6,0),"") -> 1.65 | H74: =IFERROR(IF(AND(C74<>"",ISNUMBER(E74),ISNUMBER(F74),F74>0,ISNUMBER(G74)),E74/F74*G74,""),"") -> 49.5
B75: 3 | C75: 계란 | D75: 메인 | E75: 10 | F75: 1 | G75: =IFERROR(VLOOKUP(C75,'🥬 식재료 DB'!$C$7:$H$121,6,0),"") -> 3.2307692 | H75: =IFERROR(IF(AND(C75<>"",ISNUMBER(E75),ISNUMBER(F75),F75>0,ISNUMBER(G75)),E75/F75*G75,""),"") -> 32.307692
B76: 4 | C76: ASEEL PURE GHEE | D76: 메인 | E76: 10 | F76: 1 | G76: =IFERROR(VLOOKUP(C76,'🥬 식재료 DB'!$C$7:$H$121,6,0),"") -> 18.125 | H76: =IFERROR(IF(AND(C76<>"",ISNUMBER(E76),ISNUMBER(F76),F76>0,ISNUMBER(G76)),E76/F76*G76,""),"") -> 181.25
B77: 5 | C77: 통마늘 | D77: 메인 | E77: 10 | F77: 1 | G77: =IFERROR(VLOOKUP(C77,'🥬 식재료 DB'!$C$7:$H$121,6,0),"") -> 9 | H77: =IFERROR(IF(AND(C77<>"",ISNUMBER(E77),ISNUMBER(F77),F77>0,ISNUMBER(G77)),E77/F77*G77,""),"") -> 90
B78: 6 | C78: 설탕 | D78: 메인 | E78: 5 | F78: 1 | G78: =IFERROR(VLOOKUP(C78,'🥬 식재료 DB'!$C$7:$H$121,6,0),"") -> 1.3333333 | H78: =IFERROR(IF(AND(C78<>"",ISNUMBER(E78),ISNUMBER(F78),F78>0,ISNUMBER(G78)),E78/F78*G78,""),"") -> 6.6666667
B79: 7 | C79: 꽃소금 | D79: 메인 | E79: 5 | F79: 1 | G79: =IFERROR(VLOOKUP(C79,'🥬 식재료 DB'!$C$7:$H$121,6,0),"") -> 1 | H79: =IFERROR(IF(AND(C79<>"",ISNUMBER(E79),ISNUMBER(F79),F79>0,ISNUMBER(G79)),E79/F79*G79,""),"") -> 5
B80: 8 | C80: 베이킹 파우더 | D80: 메인 | E80: 3 | F80: 1 | G80: =IFERROR(VLOOKUP(C80,'🥬 식재료 DB'!$C$7:$H$121,6,0),"") | H80: =IFERROR(IF(AND(C80<>"",ISNUMBER(E80),ISNUMBER(F80),F80>0,ISNUMBER(G80)),E80/F80*G80,""),"")
B81: 9 | D81: 메인 | G81: =IFERROR(VLOOKUP(C81,'🥬 식재료 DB'!$C$7:$H$121,6,0),"") | H81: =IFERROR(IF(AND(C81<>"",ISNUMBER(E81),ISNUMBER(F81),F81>0,ISNUMBER(G81)),E81/F81*G81,""),"")
B82: 10 | D82: 메인 | G82: =IFERROR(VLOOKUP(C82,'🥬 식재료 DB'!$C$7:$H$121,6,0),"") | H82: =IFERROR(IF(AND(C82<>"",ISNUMBER(E82),ISNUMBER(F82),F82>0,ISNUMBER(G82)),E82/F82*G82,""),"")
B83: 11 | D83: 메인 | G83: =IFERROR(VLOOKUP(C83,'🥬 식재료 DB'!$C$7:$H$121,6,0),"") | H83: =IFERROR(IF(AND(C83<>"",ISNUMBER(E83),ISNUMBER(F83),F83>0,ISNUMBER(G83)),E83/F83*G83,""),"")
B84: 12 | D84: 메인 | G84: =IFERROR(VLOOKUP(C84,'🥬 식재료 DB'!$C$7:$H$121,6,0),"") | H84: =IFERROR(IF(AND(C84<>"",ISNUMBER(E84),ISNUMBER(F84),F84>0,ISNUMBER(G84)),E84/F84*G84,""),"")
B85: ▸ 프렙 재료 (반제품)
B86: 13 | D86: 프렙 | G86: =IFERROR(VLOOKUP(C86,'🧪 프렙 원가표'!$C$8:$D$18,2,0),IFERROR(VLOOKUP(C86,'🥬 식재료 DB'!$C$7:$H$121,6,0),"")) | H86: =IFERROR(IF(AND(C86<>"",ISNUMBER(E86),ISNUMBER(F86),F86>0,ISNUMBER(G86)),E86/F86*G86,""),"")
B87: 14 | D87: 프렙 | G87: =IFERROR(VLOOKUP(C87,'🧪 프렙 원가표'!$C$8:$D$18,2,0),IFERROR(VLOOKUP(C87,'🥬 식재료 DB'!$C$7:$H$121,6,0),"")) | H87: =IFERROR(IF(AND(C87<>"",ISNUMBER(E87),ISNUMBER(F87),F87>0,ISNUMBER(G87)),E87/F87*G87,""),"")
B88: 15 | D88: 프렙 | G88: =IFERROR(VLOOKUP(C88,'🧪 프렙 원가표'!$C$8:$D$18,2,0),IFERROR(VLOOKUP(C88,'🥬 식재료 DB'!$C$7:$H$121,6,0),"")) | H88: =IFERROR(IF(AND(C88<>"",ISNUMBER(E88),ISNUMBER(F88),F88>0,ISNUMBER(G88)),E88/F88*G88,""),"")
B89: 16 | D89: 프렙 | G89: =IFERROR(VLOOKUP(C89,'🧪 프렙 원가표'!$C$8:$D$18,2,0),IFERROR(VLOOKUP(C89,'🥬 식재료 DB'!$C$7:$H$121,6,0),"")) | H89: =IFERROR(IF(AND(C89<>"",ISNUMBER(E89),ISNUMBER(F89),F89>0,ISNUMBER(G89)),E89/F89*G89,""),"")
B90: 17 | D90: 프렙 | G90: =IFERROR(VLOOKUP(C90,'🧪 프렙 원가표'!$C$8:$D$18,2,0),IFERROR(VLOOKUP(C90,'🥬 식재료 DB'!$C$7:$H$121,6,0),"")) | H90: =IFERROR(IF(AND(C90<>"",ISNUMBER(E90),ISNUMBER(F90),F90>0,ISNUMBER(G90)),E90/F90*G90,""),"")
C92: 🍽 버터 난 | E92: 3500 | F92: =IFERROR(SUM(H94,H95,H96,H97,H98,H99,H100,H101,H102,H103,H104,H105,H107,H108,H109,H110,H111),0) -> 530.97436 | G92: =IFERROR(E92*'💰 고정비용 DB'!$D$22/'💰 고정비용 DB'!$D$25,0) -> 2311.0397 | H92: =IFERROR(G92-F92,"") -> 1780.0654 | I92: =IFERROR(H92/E92,"") -> 0.50859011 | J92: =IF(I92="","⬜ 미입력",IF(I92<=0.2,"✅ 양호",IF(I92<=0.32,"🟡 주의","🔴 과다"))) -> 🔴 과다
B93: ▸ 메인 식재료
B94: 1 | C94: 중2등급 밀가루 | D94: 메인 | E94: 100 | F94: 1 | G94: =IFERROR(VLOOKUP(C94,'🥬 식재료 DB'!$C$7:$H$121,6,0),"") -> 0.75 | H94: =IFERROR(IF(AND(C94<>"",ISNUMBER(E94),ISNUMBER(F94),F94>0,ISNUMBER(G94)),E94/F94*G94,""),"") -> 75
B95: 2 | C95: 멸균우유 | D95: 메인 | E95: 30 | F95: 1 | G95: =IFERROR(VLOOKUP(C95,'🥬 식재료 DB'!$C$7:$H$121,6,0),"") -> 1.65 | H95: =IFERROR(IF(AND(C95<>"",ISNUMBER(E95),ISNUMBER(F95),F95>0,ISNUMBER(G95)),E95/F95*G95,""),"") -> 49.5
B96: 3 | C96: 설탕 | D96: 메인 | E96: 5 | F96: 1 | G96: =IFERROR(VLOOKUP(C96,'🥬 식재료 DB'!$C$7:$H$121,6,0),"") -> 1.3333333 | H96: =IFERROR(IF(AND(C96<>"",ISNUMBER(E96),ISNUMBER(F96),F96>0,ISNUMBER(G96)),E96/F96*G96,""),"") -> 6.6666667
B97: 4 | C97: 꽃소금 | D97: 메인 | E97: 5 | F97: 1 | G97: =IFERROR(VLOOKUP(C97,'🥬 식재료 DB'!$C$7:$H$121,6,0),"") -> 1 | H97: =IFERROR(IF(AND(C97<>"",ISNUMBER(E97),ISNUMBER(F97),F97>0,ISNUMBER(G97)),E97/F97*G97,""),"") -> 5
B98: 5 | C98: 계란 | D98: 메인 | E98: 10 | F98: 1 | G98: =IFERROR(VLOOKUP(C98,'🥬 식재료 DB'!$C$7:$H$121,6,0),"") -> 3.2307692 | H98: =IFERROR(IF(AND(C98<>"",ISNUMBER(E98),ISNUMBER(F98),F98>0,ISNUMBER(G98)),E98/F98*G98,""),"") -> 32.307692
B99: 6 | C99: ASEEL PURE GHEE | D99: 메인 | E99: 20 | F99: 1 | G99: =IFERROR(VLOOKUP(C99,'🥬 식재료 DB'!$C$7:$H$121,6,0),"") -> 18.125 | H99: =IFERROR(IF(AND(C99<>"",ISNUMBER(E99),ISNUMBER(F99),F99>0,ISNUMBER(G99)),E99/F99*G99,""),"") -> 362.5
B100: 7 | D100: 메인 | G100: =IFERROR(VLOOKUP(C100,'🥬 식재료 DB'!$C$7:$H$121,6,0),"") | H100: =IFERROR(IF(AND(C100<>"",ISNUMBER(E100),ISNUMBER(F100),F100>0,ISNUMBER(G100)),E100/F100*G100,""),"")
B101: 8 | D101: 메인 | G101: =IFERROR(VLOOKUP(C101,'🥬 식재료 DB'!$C$7:$H$121,6,0),"") | H101: =IFERROR(IF(AND(C101<>"",ISNUMBER(E101),ISNUMBER(F101),F101>0,ISNUMBER(G101)),E101/F101*G101,""),"")
B102: 9 | D102: 메인 | G102: =IFERROR(VLOOKUP(C102,'🥬 식재료 DB'!$C$7:$H$121,6,0),"") | H102: =IFERROR(IF(AND(C102<>"",ISNUMBER(E102),ISNUMBER(F102),F102>0,ISNUMBER(G102)),E102/F102*G102,""),"")
B103: 10 | D103: 메인 | G103: =IFERROR(VLOOKUP(C103,'🥬 식재료 DB'!$C$7:$H$121,6,0),"") | H103: =IFERROR(IF(AND(C103<>"",ISNUMBER(E103),ISNUMBER(F103),F103>0,ISNUMBER(G103)),E103/F103*G103,""),"")
B104: 11 | D104: 메인 | G104: =IFERROR(VLOOKUP(C104,'🥬 식재료 DB'!$C$7:$H$121,6,0),"") | H104: =IFERROR(IF(AND(C104<>"",ISNUMBER(E104),ISNUMBER(F104),F104>0,ISNUMBER(G104)),E104/F104*G104,""),"")
B105: 12 | D105: 메인 | G105: =IFERROR(VLOOKUP(C105,'🥬 식재료 DB'!$C$7:$H$121,6,0),"") | H105: =IFERROR(IF(AND(C105<>"",ISNUMBER(E105),ISNUMBER(F105),F105>0,ISNUMBER(G105)),E105/F105*G105,""),"")
B106: ▸ 프렙 재료 (반제품)
B107: 13 | D107: 프렙 | G107: =IFERROR(VLOOKUP(C107,'🧪 프렙 원가표'!$C$8:$D$18,2,0),IFERROR(VLOOKUP(C107,'🥬 식재료 DB'!$C$7:$H$121,6,0),"")) | H107: =IFERROR(IF(AND(C107<>"",ISNUMBER(E107),ISNUMBER(F107),F107>0,ISNUMBER(G107)),E107/F107*G107,""),"")
...

Sheet 🍚 밥·스프·샐러드
B2: EVEREST RESTAURANT GROUP · 🍚 밥·스프·샐러드 원가 계산표
B4: 📌 녹색=자동계산 노란색=입력값 | 식재료 DB/고정비용 DB 수정 시 자동 갱신됩니다.
B5: 📌 ▣ 색상 헤더 행: E=판매가 F=식재료원가 G=고정비용배분 H=총원가 I=총원가율 J=판정
B7: No. | C7: 식재료명 | D7: 구분 | E7: 사용량(g) | F7: 수율(%) | G7: g당 단가(원) | H7: 재료 원가(원) | I7: 비고
C8: 🍽 치킨 스프 | E8: 5000 | F8: =IFERROR(SUM(H10,H11,H12,H13,H14,H15,H16,H17,H18,H19,H20,H21,H23,H24,H25,H26,H27),0) -> 25.5 | G8: =IFERROR(E8*'💰 고정비용 DB'!$D$22/'💰 고정비용 DB'!$D$25,0) -> 3301.4853 | H8: =IFERROR(G8-F8,"") -> 3275.9853 | I8: =IFERROR(H8/E8,"") -> 0.65519707 | J8: =IF(I8="","⬜ 미입력",IF(I8<=0.2,"✅ 양호",IF(I8<=0.32,"🟡 주의","🔴 과다"))) -> 🔴 과다
B9: ▸ 메인 식재료
B10: 1 | C10: 크림스프 파우더 | D10: 메인 | E10: 17 | F10: 1 | G10: =IFERROR(VLOOKUP(C10,'🥬 식재료 DB'!$C$7:$H$121,6,0),"") | H10: =IFERROR(IF(AND(C10<>"",ISNUMBER(E10),ISNUMBER(F10),F10>0,ISNUMBER(G10)),E10/F10*G10,""),"")
B11: 2 | C11: 닭가슴살 (정육) | D11: 메인 | E11: 20 | F11: 1 | G11: =IFERROR(VLOOKUP(C11,'🥬 식재료 DB'!$C$7:$H$121,6,0),"") | H11: =IFERROR(IF(AND(C11<>"",ISNUMBER(E11),ISNUMBER(F11),F11>0,ISNUMBER(G11)),E11/F11*G11,""),"")
B12: 3 | C12: 물 또는 닭 육수 | D12: 메인 | E12: 250 | F12: 1 | G12: =IFERROR(VLOOKUP(C12,'🥬 식재료 DB'!$C$7:$H$121,6,0),"") | H12: =IFERROR(IF(AND(C12<>"",ISNUMBER(E12),ISNUMBER(F12),F12>0,ISNUMBER(G12)),E12/F12*G12,""),"")
B13: 4 | C13: 꽃소금 | D13: 메인 | E13: 3 | F13: 1 | G13: =IFERROR(VLOOKUP(C13,'🥬 식재료 DB'!$C$7:$H$121,6,0),"") -> 1 | H13: =IFERROR(IF(AND(C13<>"",ISNUMBER(E13),ISNUMBER(F13),F13>0,ISNUMBER(G13)),E13/F13*G13,""),"") -> 3
B14: 5 | C14: 흑후추가루 | D14: 메인 | E14: 1 | F14: 1 | G14: =IFERROR(VLOOKUP(C14,'🥬 식재료 DB'!$C$7:$H$121,6,0),"") -> 22.5 | H14: =IFERROR(IF(AND(C14<>"",ISNUMBER(E14),ISNUMBER(F14),F14>0,ISNUMBER(G14)),E14/F14*G14,""),"") -> 22.5
B15: 6 | D15: 메인 | G15: =IFERROR(VLOOKUP(C15,'🥬 식재료 DB'!$C$7:$H$121,6,0),"") | H15: =IFERROR(IF(AND(C15<>"",ISNUMBER(E15),ISNUMBER(F15),F15>0,ISNUMBER(G15)),E15/F15*G15,""),"")
B16: 7 | D16: 메인 | G16: =IFERROR(VLOOKUP(C16,'🥬 식재료 DB'!$C$7:$H$121,6,0),"") | H16: =IFERROR(IF(AND(C16<>"",ISNUMBER(E16),ISNUMBER(F16),F16>0,ISNUMBER(G16)),E16/F16*G16,""),"")
B17: 8 | D17: 메인 | G17: =IFERROR(VLOOKUP(C17,'🥬 식재료 DB'!$C$7:$H$121,6,0),"") | H17: =IFERROR(IF(AND(C17<>"",ISNUMBER(E17),ISNUMBER(F17),F17>0,ISNUMBER(G17)),E17/F17*G17,""),"")
B18: 9 | D18: 메인 | G18: =IFERROR(VLOOKUP(C18,'🥬 식재료 DB'!$C$7:$H$121,6,0),"") | H18: =IFERROR(IF(AND(C18<>"",ISNUMBER(E18),ISNUMBER(F18),F18>0,ISNUMBER(G18)),E18/F18*G18,""),"")
B19: 10 | D19: 메인 | G19: =IFERROR(VLOOKUP(C19,'🥬 식재료 DB'!$C$7:$H$121,6,0),"") | H19: =IFERROR(IF(AND(C19<>"",ISNUMBER(E19),ISNUMBER(F19),F19>0,ISNUMBER(G19)),E19/F19*G19,""),"")
B20: 11 | D20: 메인 | G20: =IFERROR(VLOOKUP(C20,'🥬 식재료 DB'!$C$7:$H$121,6,0),"") | H20: =IFERROR(IF(AND(C20<>"",ISNUMBER(E20),ISNUMBER(F20),F20>0,ISNUMBER(G20)),E20/F20*G20,""),"")
B21: 12 | D21: 메인 | G21: =IFERROR(VLOOKUP(C21,'🥬 식재료 DB'!$C$7:$H$121,6,0),"") | H21: =IFERROR(IF(AND(C21<>"",ISNUMBER(E21),ISNUMBER(F21),F21>0,ISNUMBER(G21)),E21/F21*G21,""),"")
B22: ▸ 프렙 재료 (반제품)
B23: 13 | D23: 프렙 | G23: =IFERROR(VLOOKUP(C23,'🧪 프렙 원가표'!$C$8:$D$18,2,0),IFERROR(VLOOKUP(C23,'🥬 식재료 DB'!$C$7:$H$121,6,0),"")) | H23: =IFERROR(IF(AND(C23<>"",ISNUMBER(E23),ISNUMBER(F23),F23>0,ISNUMBER(G23)),E23/F23*G23,""),"")
B24: 14 | D24: 프렙 | G24: =IFERROR(VLOOKUP(C24,'🧪 프렙 원가표'!$C$8:$D$18,2,0),IFERROR(VLOOKUP(C24,'🥬 식재료 DB'!$C$7:$H$121,6,0),"")) | H24: =IFERROR(IF(AND(C24<>"",ISNUMBER(E24),ISNUMBER(F24),F24>0,ISNUMBER(G24)),E24/F24*G24,""),"")
B25: 15 | D25: 프렙 | G25: =IFERROR(VLOOKUP(C25,'🧪 프렙 원가표'!$C$8:$D$18,2,0),IFERROR(VLOOKUP(C25,'🥬 식재료 DB'!$C$7:$H$121,6,0),"")) | H25: =IFERROR(IF(AND(C25<>"",ISNUMBER(E25),ISNUMBER(F25),F25>0,ISNUMBER(G25)),E25/F25*G25,""),"")
B26: 16 | D26: 프렙 | G26: =IFERROR(VLOOKUP(C26,'🧪 프렙 원가표'!$C$8:$D$18,2,0),IFERROR(VLOOKUP(C26,'🥬 식재료 DB'!$C$7:$H$121,6,0),"")) | H26: =IFERROR(IF(AND(C26<>"",ISNUMBER(E26),ISNUMBER(F26),F26>0,ISNUMBER(G26)),E26/F26*G26,""),"")
B27: 17 | D27: 프렙 | G27: =IFERROR(VLOOKUP(C27,'🧪 프렙 원가표'!$C$8:$D$18,2,0),IFERROR(VLOOKUP(C27,'🥬 식재료 DB'!$C$7:$H$121,6,0),"")) | H27: =IFERROR(IF(AND(C27<>"",ISNUMBER(E27),ISNUMBER(F27),F27>0,ISNUMBER(G27)),E27/F27*G27,""),"")
C29: 🍽 머쉬룸 스프 | E29: 5000 | F29: =IFERROR(SUM(H31,H32,H33,H34,H35,H36,H37,H38,H39,H40,H41,H42,H44,H45,H46,H47,H48),0) -> 174 | G29: =IFERROR(E29*'💰 고정비용 DB'!$D$22/'💰 고정비용 DB'!$D$25,0) -> 3301.4853 | H29: =IFERROR(G29-F29,"") -> 3127.4853 | I29: =IFERROR(H29/E29,"") -> 0.62549707 | J29: =IF(I29="","⬜ 미입력",IF(I29<=0.2,"✅ 양호",IF(I29<=0.32,"🟡 주의","🔴 과다"))) -> 🔴 과다
B30: ▸ 메인 식재료
B31: 1 | C31: 크림스프 파우더 | D31: 메인 | E31: 17 | F31: 1 | G31: =IFERROR(VLOOKUP(C31,'🥬 식재료 DB'!$C$7:$H$121,6,0),"") | H31: =IFERROR(IF(AND(C31<>"",ISNUMBER(E31),ISNUMBER(F31),F31>0,ISNUMBER(G31)),E31/F31*G31,""),"")
B32: 2 | C32: 새송이 버섯 | D32: 메인 | E32: 30 | F32: 1 | G32: =IFERROR(VLOOKUP(C32,'🥬 식재료 DB'!$C$7:$H$121,6,0),"") -> 4.95 | H32: =IFERROR(IF(AND(C32<>"",ISNUMBER(E32),ISNUMBER(F32),F32>0,ISNUMBER(G32)),E32/F32*G32,""),"") -> 148.5
B33: 3 | C33: 물 또는 채소 육수 | D33: 메인 | E33: 250 | F33: 1 | G33: =IFERROR(VLOOKUP(C33,'🥬 식재료 DB'!$C$7:$H$121,6,0),"") | H33: =IFERROR(IF(AND(C33<>"",ISNUMBER(E33),ISNUMBER(F33),F33>0,ISNUMBER(G33)),E33/F33*G33,""),"")
B34: 4 | C34: 꽃소금 | D34: 메인 | E34: 3 | F34: 1 | G34: =IFERROR(VLOOKUP(C34,'🥬 식재료 DB'!$C$7:$H$121,6,0),"") -> 1 | H34: =IFERROR(IF(AND(C34<>"",ISNUMBER(E34),ISNUMBER(F34),F34>0,ISNUMBER(G34)),E34/F34*G34,""),"") -> 3
B35: 5 | C35: 흑후추가루 | D35: 메인 | E35: 1 | F35: 1 | G35: =IFERROR(VLOOKUP(C35,'🥬 식재료 DB'!$C$7:$H$121,6,0),"") -> 22.5 | H35: =IFERROR(IF(AND(C35<>"",ISNUMBER(E35),ISNUMBER(F35),F35>0,ISNUMBER(G35)),E35/F35*G35,""),"") -> 22.5
B36: 6 | D36: 메인 | G36: =IFERROR(VLOOKUP(C36,'🥬 식재료 DB'!$C$7:$H$121,6,0),"") | H36: =IFERROR(IF(AND(C36<>"",ISNUMBER(E36),ISNUMBER(F36),F36>0,ISNUMBER(G36)),E36/F36*G36,""),"")
B37: 7 | D37: 메인 | G37: =IFERROR(VLOOKUP(C37,'🥬 식재료 DB'!$C$7:$H$121,6,0),"") | H37: =IFERROR(IF(AND(C37<>"",ISNUMBER(E37),ISNUMBER(F37),F37>0,ISNUMBER(G37)),E37/F37*G37,""),"")
B38: 8 | D38: 메인 | G38: =IFERROR(VLOOKUP(C38,'🥬 식재료 DB'!$C$7:$H$121,6,0),"") | H38: =IFERROR(IF(AND(C38<>"",ISNUMBER(E38),ISNUMBER(F38),F38>0,ISNUMBER(G38)),E38/F38*G38,""),"")
B39: 9 | D39: 메인 | G39: =IFERROR(VLOOKUP(C39,'🥬 식재료 DB'!$C$7:$H$121,6,0),"") | H39: =IFERROR(IF(AND(C39<>"",ISNUMBER(E39),ISNUMBER(F39),F39>0,ISNUMBER(G39)),E39/F39*G39,""),"")
B40: 10 | D40: 메인 | G40: =IFERROR(VLOOKUP(C40,'🥬 식재료 DB'!$C$7:$H$121,6,0),"") | H40: =IFERROR(IF(AND(C40<>"",ISNUMBER(E40),ISNUMBER(F40),F40>0,ISNUMBER(G40)),E40/F40*G40,""),"")
B41: 11 | D41: 메인 | G41: =IFERROR(VLOOKUP(C41,'🥬 식재료 DB'!$C$7:$H$121,6,0),"") | H41: =IFERROR(IF(AND(C41<>"",ISNUMBER(E41),ISNUMBER(F41),F41>0,ISNUMBER(G41)),E41/F41*G41,""),"")
B42: 12 | D42: 메인 | G42: =IFERROR(VLOOKUP(C42,'🥬 식재료 DB'!$C$7:$H$121,6,0),"") | H42: =IFERROR(IF(AND(C42<>"",ISNUMBER(E42),ISNUMBER(F42),F42>0,ISNUMBER(G42)),E42/F42*G42,""),"")
B43: ▸ 프렙 재료 (반제품)
B44: 13 | D44: 프렙 | G44: =IFERROR(VLOOKUP(C44,'🧪 프렙 원가표'!$C$8:$D$18,2,0),IFERROR(VLOOKUP(C44,'🥬 식재료 DB'!$C$7:$H$121,6,0),"")) | H44: =IFERROR(IF(AND(C44<>"",ISNUMBER(E44),ISNUMBER(F44),F44>0,ISNUMBER(G44)),E44/F44*G44,""),"")
B45: 14 | D45: 프렙 | G45: =IFERROR(VLOOKUP(C45,'🧪 프렙 원가표'!$C$8:$D$18,2,0),IFERROR(VLOOKUP(C45,'🥬 식재료 DB'!$C$7:$H$121,6,0),"")) | H45: =IFERROR(IF(AND(C45<>"",ISNUMBER(E45),ISNUMBER(F45),F45>0,ISNUMBER(G45)),E45/F45*G45,""),"")
B46: 15 | D46: 프렙 | G46: =IFERROR(VLOOKUP(C46,'🧪 프렙 원가표'!$C$8:$D$18,2,0),IFERROR(VLOOKUP(C46,'🥬 식재료 DB'!$C$7:$H$121,6,0),"")) | H46: =IFERROR(IF(AND(C46<>"",ISNUMBER(E46),ISNUMBER(F46),F46>0,ISNUMBER(G46)),E46/F46*G46,""),"")
B47: 16 | D47: 프렙 | G47: =IFERROR(VLOOKUP(C47,'🧪 프렙 원가표'!$C$8:$D$18,2,0),IFERROR(VLOOKUP(C47,'🥬 식재료 DB'!$C$7:$H$121,6,0),"")) | H47: =IFERROR(IF(AND(C47<>"",ISNUMBER(E47),ISNUMBER(F47),F47>0,ISNUMBER(G47)),E47/F47*G47,""),"")
B48: 17 | D48: 프렙 | G48: =IFERROR(VLOOKUP(C48,'🧪 프렙 원가표'!$C$8:$D$18,2,0),IFERROR(VLOOKUP(C48,'🥬 식재료 DB'!$C$7:$H$121,6,0),"")) | H48: =IFERROR(IF(AND(C48<>"",ISNUMBER(E48),ISNUMBER(F48),F48>0,ISNUMBER(G48)),E48/F48*G48,""),"")
C50: 🍽 핫&사워 스프 | E50: 5000 | F50: =IFERROR(SUM(H52,H53,H54,H55,H56,H57,H58,H59,H60,H61,H62,H63,H65,H66,H67,H68,H69),0) -> 251.75214 | G50: =IFERROR(E50*'💰 고정비용 DB'!$D$22/'💰 고정비용 DB'!$D$25,0) -> 3301.4853 | H50: =IFERROR(G50-F50,"") -> 3049.7332 | I50: =IFERROR(H50/E50,"") -> 0.60994664 | J50: =IF(I50="","⬜ 미입력",IF(I50<=0.2,"✅ 양호",IF(I50<=0.32,"🟡 주의","🔴 과다"))) -> 🔴 과다
B51: ▸ 메인 식재료
B52: 1 | C52: 닭가슴살 (정육) | D52: 메인 | E52: 20 | F52: 1 | G52: =IFERROR(VLOOKUP(C52,'🥬 식재료 DB'!$C$7:$H$121,6,0),"") | H52: =IFERROR(IF(AND(C52<>"",ISNUMBER(E52),ISNUMBER(F52),F52>0,ISNUMBER(G52)),E52/F52*G52,""),"")
B53: 2 | C53: 냉동 믹스 야채 | D53: 메인 | E53: 30 | F53: 1 | G53: =IFERROR(VLOOKUP(C53,'🥬 식재료 DB'!$C$7:$H$121,6,0),"") | H53: =IFERROR(IF(AND(C53<>"",ISNUMBER(E53),ISNUMBER(F53),F53>0,ISNUMBER(G53)),E53/F53*G53,""),"")
B54: 3 | C54: 청양고추 | D54: 메인 | E54: 10 | F54: 1 | G54: =IFERROR(VLOOKUP(C54,'🥬 식재료 DB'!$C$7:$H$121,6,0),"") -> 14 | H54: =IFERROR(IF(AND(C54<>"",ISNUMBER(E54),ISNUMBER(F54),F54>0,ISNUMBER(G54)),E54/F54*G54,""),"") -> 140
B55: 4 | C55: 계란 | D55: 메인 | E55: 10 | F55: 1 | G55: =IFERROR(VLOOKUP(C55,'🥬 식재료 DB'!$C$7:$H$121,6,0),"") -> 3.2307692 | H55: =IFERROR(IF(AND(C55<>"",ISNUMBER(E55),ISNUMBER(F55),F55>0,ISNUMBER(G55)),E55/F55*G55,""),"") -> 32.307692
B56: 5 | C56: 옥수수전분 | D56: 메인 | E56: 10 | F56: 1 | G56: =IFERROR(VLOOKUP(C56,'🥬 식재료 DB'!$C$7:$H$121,6,0),"") -> 5 | H56: =IFERROR(IF(AND(C56<>"",ISNUMBER(E56),ISNUMBER(F56),F56>0,ISNUMBER(G56)),E56/F56*G56,""),"") -> 50
B57: 6 | C57: 환만식초 | D57: 메인 | E57: 10 | F57: 1 | G57: =IFERROR(VLOOKUP(C57,'🥬 식재료 DB'!$C$7:$H$121,6,0),"") -> 1.9444444 | H57: =IFERROR(IF(AND(C57<>"",ISNUMBER(E57),ISNUMBER(F57),F57>0,ISNUMBER(G57)),E57/F57*G57,""),"") -> 19.444444
B58: 7 | C58: 꽃소금 | D58: 메인 | E58: 10 | F58: 1 | G58: =IFERROR(VLOOKUP(C58,'🥬 식재료 DB'!$C$7:$H$121,6,0),"") -> 1 | H58: =IFERROR(IF(AND(C58<>"",ISNUMBER(E58),ISNUMBER(F58),F58>0,ISNUMBER(G58)),E58/F58*G58,""),"") -> 10
B59: 8 | C59: 닭 육수 또는 물 | D59: 메인 | E59: 300 | F59: 1 | G59: =IFERROR(VLOOKUP(C59,'🥬 식재료 DB'!$C$7:$H$121,6,0),"") | H59: =IFERROR(IF(AND(C59<>"",ISNUMBER(E59),ISNUMBER(F59),F59>0,ISNUMBER(G59)),E59/F59*G59,""),"")
B60: 9 | D60: 메인 | G60: =IFERROR(VLOOKUP(C60,'🥬 식재료 DB'!$C$7:$H$121,6,0),"") | H60: =IFERROR(IF(AND(C60<>"",ISNUMBER(E60),ISNUMBER(F60),F60>0,ISNUMBER(G60)),E60/F60*G60,""),"")
B61: 10 | D61: 메인 | G61: =IFERROR(VLOOKUP(C61,'🥬 식재료 DB'!$C$7:$H$121,6,0),"") | H61: =IFERROR(IF(AND(C61<>"",ISNUMBER(E61),ISNUMBER(F61),F61>0,ISNUMBER(G61)),E61/F61*G61,""),"")
B62: 11 | D62: 메인 | G62: =IFERROR(VLOOKUP(C62,'🥬 식재료 DB'!$C$7:$H$121,6,0),"") | H62: =IFERROR(IF(AND(C62<>"",ISNUMBER(E62),ISNUMBER(F62),F62>0,ISNUMBER(G62)),E62/F62*G62,""),"")
B63: 12 | D63: 메인 | G63: =IFERROR(VLOOKUP(C63,'🥬 식재료 DB'!$C$7:$H$121,6,0),"") | H63: =IFERROR(IF(AND(C63<>"",ISNUMBER(E63),ISNUMBER(F63),F63>0,ISNUMBER(G63)),E63/F63*G63,""),"")
B64: ▸ 프렙 재료 (반제품)
B65: 13 | D65: 프렙 | G65: =IFERROR(VLOOKUP(C65,'🧪 프렙 원가표'!$C$8:$D$18,2,0),IFERROR(VLOOKUP(C65,'🥬 식재료 DB'!$C$7:$H$121,6,0),"")) | H65: =IFERROR(IF(AND(C65<>"",ISNUMBER(E65),ISNUMBER(F65),F65>0,ISNUMBER(G65)),E65/F65*G65,""),"")
B66: 14 | D66: 프렙 | G66: =IFERROR(VLOOKUP(C66,'🧪 프렙 원가표'!$C$8:$D$18,2,0),IFERROR(VLOOKUP(C66,'🥬 식재료 DB'!$C$7:$H$121,6,0),"")) | H66: =IFERROR(IF(AND(C66<>"",ISNUMBER(E66),ISNUMBER(F66),F66>0,ISNUMBER(G66)),E66/F66*G66,""),"")
B67: 15 | D67: 프렙 | G67: =IFERROR(VLOOKUP(C67,'🧪 프렙 원가표'!$C$8:$D$18,2,0),IFERROR(VLOOKUP(C67,'🥬 식재료 DB'!$C$7:$H$121,6,0),"")) | H67: =IFERROR(IF(AND(C67<>"",ISNUMBER(E67),ISNUMBER(F67),F67>0,ISNUMBER(G67)),E67/F67*G67,""),"")
B68: 16 | D68: 프렙 | G68: =IFERROR(VLOOKUP(C68,'🧪 프렙 원가표'!$C$8:$D$18,2,0),IFERROR(VLOOKUP(C68,'🥬 식재료 DB'!$C$7:$H$121,6,0),"")) | H68: =IFERROR(IF(AND(C68<>"",ISNUMBER(E68),ISNUMBER(F68),F68>0,ISNUMBER(G68)),E68/F68*G68,""),"")
B69: 17 | D69: 프렙 | G69: =IFERROR(VLOOKUP(C69,'🧪 프렙 원가표'!$C$8:$D$18,2,0),IFERROR(VLOOKUP(C69,'🥬 식재료 DB'!$C$7:$H$121,6,0),"")) | H69: =IFERROR(IF(AND(C69<>"",ISNUMBER(E69),ISNUMBER(F69),F69>0,ISNUMBER(G69)),E69/F69*G69,""),"")
C71: 🍽 탄두리 티카 샐러드 | E71: 19000 | F71: =IFERROR(SUM(H73,H74,H75,H76,H77,H78,H79,H80,H81,H82,H83,H84,H85,H86,H87,H89,H90,H91,H92,H93),0) -> 1112.6399 | G71: =IFERROR(E71*'💰 고정비용 DB'!$D$22/'💰 고정비용 DB'!$D$25,0) -> 12545.644 | H71: =IFERROR(G71-F71,"") -> 11433.004 | I71: =IFERROR(H71/E71,"") -> 0.60173707 | J71: =IF(I71="","⬜ 미입력",IF(I71<=0.2,"✅ 양호",IF(I71<=0.32,"🟡 주의","🔴 과다"))) -> 🔴 과다
B72: ▸ 메인 식재료
B73: 1 | C73: 닭 (부위 정육) | D73: 메인 | E73: 150 | F73: 1 | G73: =IFERROR(VLOOKUP(C73,'🥬 식재료 DB'!$C$7:$H$121,6,0),"") | H73: =IFERROR(IF(AND(C73<>"",ISNUMBER(E73),ISNUMBER(F73),F73>0,ISNUMBER(G73)),E73/F73*G73,""),"")
B74: 2 | C74: 양상추 | D74: 메인 | E74: 40 | F74: 1 | G74: =IFERROR(VLOOKUP(C74,'🥬 식재료 DB'!$C$7:$H$121,6,0),"") -> 5 | H74: =IFERROR(IF(AND(C74<>"",ISNUMBER(E74),ISNUMBER(F74),F74>0,ISNUMBER(G74)),E74/F74*G74,""),"") -> 200
B75: 3 | C75: 양배추 | D75: 메인 | E75: 40 | F75: 1 | G75: =IFERROR(VLOOKUP(C75,'🥬 식재료 DB'!$C$7:$H$121,6,0),"") -> 6.6666667 | H75: =IFERROR(IF(AND(C75<>"",ISNUMBER(E75),ISNUMBER(F75),F75>0,ISNUMBER(G75)),E75/F75*G75,""),"") -> 266.66667
B76: 4 | C76: 토마토 | D76: 메인 | E76: 20 | F76: 1 | G76: =IFERROR(VLOOKUP(C76,'🥬 식재료 DB'!$C$7:$H$121,6,0),"") -> 6 | H76: =IFERROR(IF(AND(C76<>"",ISNUMBER(E76),ISNUMBER(F76),F76>0,ISNUMBER(G76)),E76/F76*G76,""),"") -> 120
B77: 5 | C77: 망고 슬라이스 | D77: 메인 | E77: 20 | F77: 1 | G77: =IFERROR(VLOOKUP(C77,'🥬 식재료 DB'!$C$7:$H$121,6,0),"") | H77: =IFERROR(IF(AND(C77<>"",ISNUMBER(E77),ISNUMBER(F77),F77>0,ISNUMBER(G77)),E77/F77*G77,""),"")
B78: 6 | C78: 파인애플 | D78: 메인 | E78: 10 | F78: 1 | G78: =IFERROR(VLOOKUP(C78,'🥬 식재료 DB'!$C$7:$H$121,6,0),"") -> 4.1916168 | H78: =IFERROR(IF(AND(C78<>"",ISNUMBER(E78),ISNUMBER(F78),F78>0,ISNUMBER(G78)),E78/F78*G78,""),"") -> 41.916168
B79: 7 | C79: 캐슈넛 | D79: 메인 | E79: 5 | F79: 1 | G79: =IFERROR(VLOOKUP(C79,'🥬 식재료 DB'!$C$7:$H$121,6,0),"") -> 12.894737 | H79: =IFERROR(IF(AND(C79<>"",ISNUMBER(E79),ISNUMBER(F79),F79>0,ISNUMBER(G79)),E79/F79*G79,""),"") -> 64.473684
B80: 8 | C80: 키위드레싱소스 | D80: 메인 | E80: 20 | F80: 1 | G80: =IFERROR(VLOOKUP(C80,'🥬 식재료 DB'!$C$7:$H$121,6,0),"") -> 6 | H80: =IFERROR(IF(AND(C80<>"",ISNUMBER(E80),ISNUMBER(F80),F80>0,ISNUMBER(G80)),E80/F80*G80,""),"") -> 120
B81: 9 | C81: 치킨 마살라 파우더 | D81: 메인 | E81: 5 | F81: 1 | G81: =IFERROR(VLOOKUP(C81,'🥬 식재료 DB'!$C$7:$H$121,6,0),"") | H81: =IFERROR(IF(AND(C81<>"",ISNUMBER(E81),ISNUMBER(F81),F81>0,ISNUMBER(G81)),E81/F81*G81,""),"")
B82: 10 | C82: CUMIN powder | D82: 메인 | E82: 5 | F82: 1 | G82: =IFERROR(VLOOKUP(C82,'🥬 식재료 DB'!$C$7:$H$121,6,0),"") -> 22.5 | H82: =IFERROR(IF(AND(C82<>"",ISNUMBER(E82),ISNUMBER(F82),F82>0,ISNUMBER(G82)),E82/F82*G82,""),"") -> 112.5
B83: 11 | C83: 데어리쿠킹크림 | D83: 메인 | E83: 20 | F83: 1 | G83: =IFERROR(VLOOKUP(C83,'🥬 식재료 DB'!$C$7:$H$121,6,0),"") -> 4.25 | H83: =IFERROR(IF(AND(C83<>"",ISNUMBER(E83),ISNUMBER(F83),F83>0,ISNUMBER(G83)),E83/F83*G83,""),"") -> 85
B84: 12 | C84: 오이피클 | D84: 메인 | E84: 5 | F84: 1 | G84: =IFERROR(VLOOKUP(C84,'🥬 식재료 DB'!$C$7:$H$121,6,0),"") -> 2.4166667 | H84: =IFERROR(IF(AND(C84<>"",ISNUMBER(E84),ISNUMBER(F84),F84>0,ISNUMBER(G84)),E84/F84*G84,""),"") -> 12.083333
B85: 13 | C85: 레몬 | D85: 메인 | E85: 10 | F85: 1 | G85: =IFERROR(VLOOKUP(C85,'🥬 식재료 DB'!$C$7:$H$121,6,0),"") -> 9 | H85: =IFERROR(IF(AND(C85<>"",ISNUMBER(E85),ISNUMBER(F85),F85>0,ISNUMBER(G85)),E85/F85*G85,""),"") -> 90
B86: 14 | D86: 메인 | G86: =IFERROR(VLOOKUP(C86,'🥬 식재료 DB'!$C$7:$H$121,6,0),"") | H86: =IFERROR(IF(AND(C86<>"",ISNUMBER(E86),ISNUMBER(F86),F86>0,ISNUMBER(G86)),E86/F86*G86,""),"")
B87: 15 | D87: 메인 | G87: =IFERROR(VLOOKUP(C87,'🥬 식재료 DB'!$C$7:$H$121,6,0),"") | H87: =IFERROR(IF(AND(C87<>"",ISNUMBER(E87),ISNUMBER(F87),F87>0,ISNUMBER(G87)),E87/F87*G87,""),"")
B88: ▸ 프렙 재료 (반제품)
B89: 16 | D89: 프렙 | G89: =IFERROR(VLOOKUP(C89,'🧪 프렙 원가표'!$C$8:$D$18,2,0),IFERROR(VLOOKUP(C89,'🥬 식재료 DB'!$C$7:$H$121,6,0),"")) | H89: =IFERROR(IF(AND(C89<>"",ISNUMBER(E89),ISNUMBER(F89),F89>0,ISNUMBER(G89)),E89/F89*G89,""),"")
B90: 17 | D90: 프렙 | G90: =IFERROR(VLOOKUP(C90,'🧪 프렙 원가표'!$C$8:$D$18,2,0),IFERROR(VLOOKUP(C90,'🥬 식재료 DB'!$C$7:$H$121,6,0),"")) | H90: =IFERROR(IF(AND(C90<>"",ISNUMBER(E90),ISNUMBER(F90),F90>0,ISNUMBER(G90)),E90/F90*G90,""),"")
B91: 18 | D91: 프렙 | G91: =IFERROR(VLOOKUP(C91,'🧪 프렙 원가표'!$C$8:$D$18,2,0),IFERROR(VLOOKUP(C91,'🥬 식재료 DB'!$C$7:$H$121,6,0),"")) | H91: =IFERROR(IF(AND(C91<>"",ISNUMBER(E91),ISNUMBER(F91),F91>0,ISNUMBER(G91)),E91/F91*G91,""),"")
B92: 19 | D92: 프렙 | G92: =IFERROR(VLOOKUP(C92,'🧪 프렙 원가표'!$C$8:$D$18,2,0),IFERROR(VLOOKUP(C92,'🥬 식재료 DB'!$C$7:$H$121,6,0),"")) | H92: =IFERROR(IF(AND(C92<>"",ISNUMBER(E92),ISNUMBER(F92),F92>0,ISNUMBER(G92)),E92/F92*G92,""),"")
B93: 20 | D93: 프렙 | G93: =IFERROR(VLOOKUP(C93,'🧪 프렙 원가표'!$C$8:$D$18,2,0),IFERROR(VLOOKUP(C93,'🥬 식재료 DB'!$C$7:$H$121,6,0),"")) | H93: =IFERROR(IF(AND(C93<>"",ISNUMBER(E93),ISNUMBER(F93),F93>0,ISNUMBER(G93)),E93/F93*G93,""),"")
C95: 🍽 그린 샐러드 | E95: 8000 | F95: =IFERROR(SUM(H97,H98,H99,H100,H101,H102,H103,H104,H105,H106,H107,H108,H110,H111,H112,H113,H114),0) -> 1118.3333 | G95: =IFERROR(E95*'💰 고정비용 DB'!$D$22/'💰 고정비용 DB'!$D$25,0) -> 5282.3765 | H95: =IFERROR(G95-F95,"") -> 4164.0432 | I95: =IFERROR(H95/E95,"") -> 0.5205054 | J95: =IF(I95="","⬜ 미입력",IF(I95<=0.2,"✅ 양호",IF(I95<=0.32,"🟡 주의","🔴 과다"))) -> 🔴 과다
B96: ▸ 메인 식재료
B97: 1 | C97: 양배추 | D97: 메인 | E97: 50 | F97: 1 | G97: =IFERROR(VLOOKUP(C97,'🥬 식재료 DB'!$C$7:$H$121,6,0),"") -> 6.6666667 | H97: =IFERROR(IF(AND(C97<>"",ISNUMBER(E97),ISNUMBER(F97),F97>0,ISNUMBER(G97)),E97/F97*G97,""),"") -> 333.33333
B98: 2 | C98: 양상추 | D98: 메인 | E98: 50 | F98: 1 | G98: =IFERROR(VLOOKUP(C98,'🥬 식재료 DB'!$C$7:$H$121,6,0),"") -> 5 | H98: =IFERROR(IF(AND(C98<>"",ISNUMBER(E98),ISNUMBER(F98),F98>0,ISNUMBER(G98)),E98/F98*G98,""),"") -> 250
B99: 3 | C99: 토마토 | D99: 메인 | E99: 30 | F99: 1 | G99: =IFERROR(VLOOKUP(C99,'🥬 식재료 DB'!$C$7:$H$121,6,0),"") -> 6 | H99: =IFERROR(IF(AND(C99<>"",ISNUMBER(E99),ISNUMBER(F99),F99>0,ISNUMBER(G99)),E99/F99*G99,""),"") -> 180
B100: 4 | C100: 당근 | D100: 메인 | E100: 10 | F100: 1 | G100: =IFERROR(VLOOKUP(C100,'🥬 식재료 DB'!$C$7:$H$121,6,0),"") -> 5.5 | H100: =IFERROR(IF(AND(C100<>"",ISNUMBER(E100),ISNUMBER(F100),F100>0,ISNUMBER(G100)),E100/F100*G100,""),"") -> 55
B101: 5 | C101: 키위드레싱소스 | D101: 메인 | E101: 50 | F101: 1 | G101: =IFERROR(VLOOKUP(C101,'🥬 식재료 DB'!$C$7:$H$121,6,0),"") -> 6 | H101: =IFERROR(IF(AND(C101<>"",ISNUMBER(E101),ISNUMBER(F101),F101>0,ISNUMBER(G101)),E101/F101*G101,""),"") -> 300
B102: 6 | D102: 메인 | G102: =IFERROR(VLOOKUP(C102,'🥬 식재료 DB'!$C$7:$H$121,6,0),"") | H102: =IFERROR(IF(AND(C102<>"",ISNUMBER(E102),ISNUMBER(F102),F102>0,ISNUMBER(G102)),E102/F102*G102,""),"")
B103: 7 | D103: 메인 | G103: =IFERROR(VLOOKUP(C103,'🥬 식재료 DB'!$C$7:$H$121,6,0),"") | H103: =IFERROR(IF(AND(C103<>"",ISNUMBER(E103),ISNUMBER(F103),F103>0,ISNUMBER(G103)),E103/F103*G103,""),"")
B104: 8 | D104: 메인 | G104: =IFERROR(VLOOKUP(C104,'🥬 식재료 DB'!$C$7:$H$121,6,0),"") | H104: =IFERROR(IF(AND(C104<>"",ISNUMBER(E104),ISNUMBER(F104),F104>0,ISNUMBER(G104)),E104/F104*G104,""),"")
B105: 9 | D105: 메인 | G105: =IFERROR(VLOOKUP(C105,'🥬 식재료 DB'!$C$7:$H$121,6,0),"") | H105: =IFERROR(IF(AND(C105<>"",ISNUMBER(E105),ISNUMBER(F105),F105>0,ISNUMBER(G105)),E105/F105*G105,""),"")
B106: 10 | D106: 메인 | G106: =IFERROR(VLOOKUP(C106,'🥬 식재료 DB'!$C$7:$H$121,6,0),"") | H106: =IFERROR(IF(AND(C106<>"",ISNUMBER(E106),ISNUMBER(F106),F106>0,ISNUMBER(G106)),E106/F106*G106,""),"")
B107: 11 | D107: 메인 | G107: =IFERROR(VLOOKUP(C107,'🥬 식재료 DB'!$C$7:$H$121,6,0),"") | H107: =IFERROR(IF(AND(C107<>"",ISNUMBER(E107),ISNUMBER(F107),F107>0,ISNUMBER(G107)),E107/F107*G107,""),"")
...

Sheet 🍮 디저트
B2: EVEREST RESTAURANT GROUP · 🍮 디저트 원가 계산표
B4: 📌 녹색=자동계산 노란색=입력값 | 식재료 DB/고정비용 DB 수정 시 자동 갱신됩니다.
B5: 📌 ▣ 색상 헤더 행: E=판매가 F=식재료원가 G=고정비용배분 H=총원가 I=총원가율 J=판정
B7: No. | C7: 식재료명 | D7: 구분 | E7: 사용량(g) | F7: 수율(%) | G7: g당 단가(원) | H7: 재료 원가(원) | I7: 비고
C8: 🍽 라스굴라 | E8: 2000 | F8: =IFERROR(SUM(H10,H11,H12,H13,H14,H15,H16,H17,H18,H19,H20,H21,H23,H24,H25,H26,H27),0) -> 275 | G8: =IFERROR(E8*'💰 고정비용 DB'!$D$22/'💰 고정비용 DB'!$D$25,0) -> 1320.5941 | H8: =IFERROR(G8-F8,"") -> 1045.5941 | I8: =IFERROR(H8/E8,"") -> 0.52279707 | J8: =IF(I8="","⬜ 미입력",IF(I8<=0.2,"✅ 양호",IF(I8<=0.32,"🟡 주의","🔴 과다"))) -> 🔴 과다
B9: ▸ 메인 식재료
B10: 1 | C10: BIKAJI RASGULLA | D10: 메인 | E10: 50 | F10: 1 | G10: =IFERROR(VLOOKUP(C10,'🥬 식재료 DB'!$C$7:$H$121,6,0),"") -> 5.5 | H10: =IFERROR(IF(AND(C10<>"",ISNUMBER(E10),ISNUMBER(F10),F10>0,ISNUMBER(G10)),E10/F10*G10,""),"") -> 275
B11: 2 | D11: 메인 | G11: =IFERROR(VLOOKUP(C11,'🥬 식재료 DB'!$C$7:$H$121,6,0),"") | H11: =IFERROR(IF(AND(C11<>"",ISNUMBER(E11),ISNUMBER(F11),F11>0,ISNUMBER(G11)),E11/F11*G11,""),"")
B12: 3 | D12: 메인 | G12: =IFERROR(VLOOKUP(C12,'🥬 식재료 DB'!$C$7:$H$121,6,0),"") | H12: =IFERROR(IF(AND(C12<>"",ISNUMBER(E12),ISNUMBER(F12),F12>0,ISNUMBER(G12)),E12/F12*G12,""),"")
B13: 4 | D13: 메인 | G13: =IFERROR(VLOOKUP(C13,'🥬 식재료 DB'!$C$7:$H$121,6,0),"") | H13: =IFERROR(IF(AND(C13<>"",ISNUMBER(E13),ISNUMBER(F13),F13>0,ISNUMBER(G13)),E13/F13*G13,""),"")
B14: 5 | D14: 메인 | G14: =IFERROR(VLOOKUP(C14,'🥬 식재료 DB'!$C$7:$H$121,6,0),"") | H14: =IFERROR(IF(AND(C14<>"",ISNUMBER(E14),ISNUMBER(F14),F14>0,ISNUMBER(G14)),E14/F14*G14,""),"")
B15: 6 | D15: 메인 | G15: =IFERROR(VLOOKUP(C15,'🥬 식재료 DB'!$C$7:$H$121,6,0),"") | H15: =IFERROR(IF(AND(C15<>"",ISNUMBER(E15),ISNUMBER(F15),F15>0,ISNUMBER(G15)),E15/F15*G15,""),"")
B16: 7 | D16: 메인 | G16: =IFERROR(VLOOKUP(C16,'🥬 식재료 DB'!$C$7:$H$121,6,0),"") | H16: =IFERROR(IF(AND(C16<>"",ISNUMBER(E16),ISNUMBER(F16),F16>0,ISNUMBER(G16)),E16/F16*G16,""),"")
B17: 8 | D17: 메인 | G17: =IFERROR(VLOOKUP(C17,'🥬 식재료 DB'!$C$7:$H$121,6,0),"") | H17: =IFERROR(IF(AND(C17<>"",ISNUMBER(E17),ISNUMBER(F17),F17>0,ISNUMBER(G17)),E17/F17*G17,""),"")
B18: 9 | D18: 메인 | G18: =IFERROR(VLOOKUP(C18,'🥬 식재료 DB'!$C$7:$H$121,6,0),"") | H18: =IFERROR(IF(AND(C18<>"",ISNUMBER(E18),ISNUMBER(F18),F18>0,ISNUMBER(G18)),E18/F18*G18,""),"")
B19: 10 | D19: 메인 | G19: =IFERROR(VLOOKUP(C19,'🥬 식재료 DB'!$C$7:$H$121,6,0),"") | H19: =IFERROR(IF(AND(C19<>"",ISNUMBER(E19),ISNUMBER(F19),F19>0,ISNUMBER(G19)),E19/F19*G19,""),"")
B20: 11 | D20: 메인 | G20: =IFERROR(VLOOKUP(C20,'🥬 식재료 DB'!$C$7:$H$121,6,0),"") | H20: =IFERROR(IF(AND(C20<>"",ISNUMBER(E20),ISNUMBER(F20),F20>0,ISNUMBER(G20)),E20/F20*G20,""),"")
B21: 12 | D21: 메인 | G21: =IFERROR(VLOOKUP(C21,'🥬 식재료 DB'!$C$7:$H$121,6,0),"") | H21: =IFERROR(IF(AND(C21<>"",ISNUMBER(E21),ISNUMBER(F21),F21>0,ISNUMBER(G21)),E21/F21*G21,""),"")
B22: ▸ 프렙 재료 (반제품)
B23: 13 | C23: 요거트 소스 | D23: 프렙 | E23: 170 | F23: 1 | G23: =IFERROR(VLOOKUP(C23,'🧪 프렙 원가표'!$C$8:$D$18,2,0),IFERROR(VLOOKUP(C23,'🥬 식재료 DB'!$C$7:$H$121,6,0),"")) | H23: =IFERROR(IF(AND(C23<>"",ISNUMBER(E23),ISNUMBER(F23),F23>0,ISNUMBER(G23)),E23/F23*G23,""),"")
B24: 14 | D24: 프렙 | G24: =IFERROR(VLOOKUP(C24,'🧪 프렙 원가표'!$C$8:$D$18,2,0),IFERROR(VLOOKUP(C24,'🥬 식재료 DB'!$C$7:$H$121,6,0),"")) | H24: =IFERROR(IF(AND(C24<>"",ISNUMBER(E24),ISNUMBER(F24),F24>0,ISNUMBER(G24)),E24/F24*G24,""),"")
B25: 15 | D25: 프렙 | G25: =IFERROR(VLOOKUP(C25,'🧪 프렙 원가표'!$C$8:$D$18,2,0),IFERROR(VLOOKUP(C25,'🥬 식재료 DB'!$C$7:$H$121,6,0),"")) | H25: =IFERROR(IF(AND(C25<>"",ISNUMBER(E25),ISNUMBER(F25),F25>0,ISNUMBER(G25)),E25/F25*G25,""),"")
B26: 16 | D26: 프렙 | G26: =IFERROR(VLOOKUP(C26,'🧪 프렙 원가표'!$C$8:$D$18,2,0),IFERROR(VLOOKUP(C26,'🥬 식재료 DB'!$C$7:$H$121,6,0),"")) | H26: =IFERROR(IF(AND(C26<>"",ISNUMBER(E26),ISNUMBER(F26),F26>0,ISNUMBER(G26)),E26/F26*G26,""),"")
B27: 17 | D27: 프렙 | G27: =IFERROR(VLOOKUP(C27,'🧪 프렙 원가표'!$C$8:$D$18,2,0),IFERROR(VLOOKUP(C27,'🥬 식재료 DB'!$C$7:$H$121,6,0),"")) | H27: =IFERROR(IF(AND(C27<>"",ISNUMBER(E27),ISNUMBER(F27),F27>0,ISNUMBER(G27)),E27/F27*G27,""),"")
C29: 🍽 굴랍자문 | E29: 2000 | F29: =IFERROR(SUM(H31,H32,H33,H34,H35,H36,H37,H38,H39,H40,H41,H42,H44,H45,H46,H47,H48),0) -> 260 | G29: =IFERROR(E29*'💰 고정비용 DB'!$D$22/'💰 고정비용 DB'!$D$25,0) -> 1320.5941 | H29: =IFERROR(G29-F29,"") -> 1060.5941 | I29: =IFERROR(H29/E29,"") -> 0.53029707 | J29: =IF(I29="","⬜ 미입력",IF(I29<=0.2,"✅ 양호",IF(I29<=0.32,"🟡 주의","🔴 과다"))) -> 🔴 과다
B30: ▸ 메인 식재료
B31: 1 | C31: GULAB JAMUN | D31: 메인 | E31: 50 | F31: 1 | G31: =IFERROR(VLOOKUP(C31,'🥬 식재료 DB'!$C$7:$H$121,6,0),"") -> 5.2 | H31: =IFERROR(IF(AND(C31<>"",ISNUMBER(E31),ISNUMBER(F31),F31>0,ISNUMBER(G31)),E31/F31*G31,""),"") -> 260
B32: 2 | D32: 메인 | G32: =IFERROR(VLOOKUP(C32,'🥬 식재료 DB'!$C$7:$H$121,6,0),"") | H32: =IFERROR(IF(AND(C32<>"",ISNUMBER(E32),ISNUMBER(F32),F32>0,ISNUMBER(G32)),E32/F32*G32,""),"")
B33: 3 | D33: 메인 | G33: =IFERROR(VLOOKUP(C33,'🥬 식재료 DB'!$C$7:$H$121,6,0),"") | H33: =IFERROR(IF(AND(C33<>"",ISNUMBER(E33),ISNUMBER(F33),F33>0,ISNUMBER(G33)),E33/F33*G33,""),"")
B34: 4 | D34: 메인 | G34: =IFERROR(VLOOKUP(C34,'🥬 식재료 DB'!$C$7:$H$121,6,0),"") | H34: =IFERROR(IF(AND(C34<>"",ISNUMBER(E34),ISNUMBER(F34),F34>0,ISNUMBER(G34)),E34/F34*G34,""),"")
B35: 5 | D35: 메인 | G35: =IFERROR(VLOOKUP(C35,'🥬 식재료 DB'!$C$7:$H$121,6,0),"") | H35: =IFERROR(IF(AND(C35<>"",ISNUMBER(E35),ISNUMBER(F35),F35>0,ISNUMBER(G35)),E35/F35*G35,""),"")
B36: 6 | D36: 메인 | G36: =IFERROR(VLOOKUP(C36,'🥬 식재료 DB'!$C$7:$H$121,6,0),"") | H36: =IFERROR(IF(AND(C36<>"",ISNUMBER(E36),ISNUMBER(F36),F36>0,ISNUMBER(G36)),E36/F36*G36,""),"")
B37: 7 | D37: 메인 | G37: =IFERROR(VLOOKUP(C37,'🥬 식재료 DB'!$C$7:$H$121,6,0),"") | H37: =IFERROR(IF(AND(C37<>"",ISNUMBER(E37),ISNUMBER(F37),F37>0,ISNUMBER(G37)),E37/F37*G37,""),"")
B38: 8 | D38: 메인 | G38: =IFERROR(VLOOKUP(C38,'🥬 식재료 DB'!$C$7:$H$121,6,0),"") | H38: =IFERROR(IF(AND(C38<>"",ISNUMBER(E38),ISNUMBER(F38),F38>0,ISNUMBER(G38)),E38/F38*G38,""),"")
B39: 9 | D39: 메인 | G39: =IFERROR(VLOOKUP(C39,'🥬 식재료 DB'!$C$7:$H$121,6,0),"") | H39: =IFERROR(IF(AND(C39<>"",ISNUMBER(E39),ISNUMBER(F39),F39>0,ISNUMBER(G39)),E39/F39*G39,""),"")
B40: 10 | D40: 메인 | G40: =IFERROR(VLOOKUP(C40,'🥬 식재료 DB'!$C$7:$H$121,6,0),"") | H40: =IFERROR(IF(AND(C40<>"",ISNUMBER(E40),ISNUMBER(F40),F40>0,ISNUMBER(G40)),E40/F40*G40,""),"")
B41: 11 | D41: 메인 | G41: =IFERROR(VLOOKUP(C41,'🥬 식재료 DB'!$C$7:$H$121,6,0),"") | H41: =IFERROR(IF(AND(C41<>"",ISNUMBER(E41),ISNUMBER(F41),F41>0,ISNUMBER(G41)),E41/F41*G41,""),"")
B42: 12 | D42: 메인 | G42: =IFERROR(VLOOKUP(C42,'🥬 식재료 DB'!$C$7:$H$121,6,0),"") | H42: =IFERROR(IF(AND(C42<>"",ISNUMBER(E42),ISNUMBER(F42),F42>0,ISNUMBER(G42)),E42/F42*G42,""),"")
B43: ▸ 프렙 재료 (반제품)
B44: 13 | C44: 요거트 소스 | D44: 프렙 | E44: 170 | F44: 1 | G44: =IFERROR(VLOOKUP(C44,'🧪 프렙 원가표'!$C$8:$D$18,2,0),IFERROR(VLOOKUP(C44,'🥬 식재료 DB'!$C$7:$H$121,6,0),"")) | H44: =IFERROR(IF(AND(C44<>"",ISNUMBER(E44),ISNUMBER(F44),F44>0,ISNUMBER(G44)),E44/F44*G44,""),"")
B45: 14 | D45: 프렙 | G45: =IFERROR(VLOOKUP(C45,'🧪 프렙 원가표'!$C$8:$D$18,2,0),IFERROR(VLOOKUP(C45,'🥬 식재료 DB'!$C$7:$H$121,6,0),"")) | H45: =IFERROR(IF(AND(C45<>"",ISNUMBER(E45),ISNUMBER(F45),F45>0,ISNUMBER(G45)),E45/F45*G45,""),"")
B46: 15 | D46: 프렙 | G46: =IFERROR(VLOOKUP(C46,'🧪 프렙 원가표'!$C$8:$D$18,2,0),IFERROR(VLOOKUP(C46,'🥬 식재료 DB'!$C$7:$H$121,6,0),"")) | H46: =IFERROR(IF(AND(C46<>"",ISNUMBER(E46),ISNUMBER(F46),F46>0,ISNUMBER(G46)),E46/F46*G46,""),"")
B47: 16 | D47: 프렙 | G47: =IFERROR(VLOOKUP(C47,'🧪 프렙 원가표'!$C$8:$D$18,2,0),IFERROR(VLOOKUP(C47,'🥬 식재료 DB'!$C$7:$H$121,6,0),"")) | H47: =IFERROR(IF(AND(C47<>"",ISNUMBER(E47),ISNUMBER(F47),F47>0,ISNUMBER(G47)),E47/F47*G47,""),"")
B48: 17 | D48: 프렙 | G48: =IFERROR(VLOOKUP(C48,'🧪 프렙 원가표'!$C$8:$D$18,2,0),IFERROR(VLOOKUP(C48,'🥬 식재료 DB'!$C$7:$H$121,6,0),"")) | H48: =IFERROR(IF(AND(C48<>"",ISNUMBER(E48),ISNUMBER(F48),F48>0,ISNUMBER(G48)),E48/F48*G48,""),"")
C50: 🍽 더히 | E50: 6000 | F50: =IFERROR(SUM(H52,H53,H54,H55,H56,H57,H58,H59,H60,H61,H62,H63,H65,H66,H67,H68,H69),0) -> 0 | G50: =IFERROR(E50*'💰 고정비용 DB'!$D$22/'💰 고정비용 DB'!$D$25,0) -> 3961.7824 | H50: =IFERROR(G50-F50,"") -> 3961.7824 | I50: =IFERROR(H50/E50,"") -> 0.66029707 | J50: =IF(I50="","⬜ 미입력",IF(I50<=0.2,"✅ 양호",IF(I50<=0.32,"🟡 주의","🔴 과다"))) -> 🔴 과다
B51: ▸ 메인 식재료
B52: 1 | D52: 메인 | G52: =IFERROR(VLOOKUP(C52,'🥬 식재료 DB'!$C$7:$H$121,6,0),"") | H52: =IFERROR(IF(AND(C52<>"",ISNUMBER(E52),ISNUMBER(F52),F52>0,ISNUMBER(G52)),E52/F52*G52,""),"")
B53: 2 | D53: 메인 | G53: =IFERROR(VLOOKUP(C53,'🥬 식재료 DB'!$C$7:$H$121,6,0),"") | H53: =IFERROR(IF(AND(C53<>"",ISNUMBER(E53),ISNUMBER(F53),F53>0,ISNUMBER(G53)),E53/F53*G53,""),"")
B54: 3 | D54: 메인 | G54: =IFERROR(VLOOKUP(C54,'🥬 식재료 DB'!$C$7:$H$121,6,0),"") | H54: =IFERROR(IF(AND(C54<>"",ISNUMBER(E54),ISNUMBER(F54),F54>0,ISNUMBER(G54)),E54/F54*G54,""),"")
B55: 4 | D55: 메인 | G55: =IFERROR(VLOOKUP(C55,'🥬 식재료 DB'!$C$7:$H$121,6,0),"") | H55: =IFERROR(IF(AND(C55<>"",ISNUMBER(E55),ISNUMBER(F55),F55>0,ISNUMBER(G55)),E55/F55*G55,""),"")
B56: 5 | D56: 메인 | G56: =IFERROR(VLOOKUP(C56,'🥬 식재료 DB'!$C$7:$H$121,6,0),"") | H56: =IFERROR(IF(AND(C56<>"",ISNUMBER(E56),ISNUMBER(F56),F56>0,ISNUMBER(G56)),E56/F56*G56,""),"")
B57: 6 | D57: 메인 | G57: =IFERROR(VLOOKUP(C57,'🥬 식재료 DB'!$C$7:$H$121,6,0),"") | H57: =IFERROR(IF(AND(C57<>"",ISNUMBER(E57),ISNUMBER(F57),F57>0,ISNUMBER(G57)),E57/F57*G57,""),"")
B58: 7 | D58: 메인 | G58: =IFERROR(VLOOKUP(C58,'🥬 식재료 DB'!$C$7:$H$121,6,0),"") | H58: =IFERROR(IF(AND(C58<>"",ISNUMBER(E58),ISNUMBER(F58),F58>0,ISNUMBER(G58)),E58/F58*G58,""),"")
B59: 8 | D59: 메인 | G59: =IFERROR(VLOOKUP(C59,'🥬 식재료 DB'!$C$7:$H$121,6,0),"") | H59: =IFERROR(IF(AND(C59<>"",ISNUMBER(E59),ISNUMBER(F59),F59>0,ISNUMBER(G59)),E59/F59*G59,""),"")
B60: 9 | D60: 메인 | G60: =IFERROR(VLOOKUP(C60,'🥬 식재료 DB'!$C$7:$H$121,6,0),"") | H60: =IFERROR(IF(AND(C60<>"",ISNUMBER(E60),ISNUMBER(F60),F60>0,ISNUMBER(G60)),E60/F60*G60,""),"")
B61: 10 | D61: 메인 | G61: =IFERROR(VLOOKUP(C61,'🥬 식재료 DB'!$C$7:$H$121,6,0),"") | H61: =IFERROR(IF(AND(C61<>"",ISNUMBER(E61),ISNUMBER(F61),F61>0,ISNUMBER(G61)),E61/F61*G61,""),"")
B62: 11 | D62: 메인 | G62: =IFERROR(VLOOKUP(C62,'🥬 식재료 DB'!$C$7:$H$121,6,0),"") | H62: =IFERROR(IF(AND(C62<>"",ISNUMBER(E62),ISNUMBER(F62),F62>0,ISNUMBER(G62)),E62/F62*G62,""),"")
B63: 12 | D63: 메인 | G63: =IFERROR(VLOOKUP(C63,'🥬 식재료 DB'!$C$7:$H$121,6,0),"") | H63: =IFERROR(IF(AND(C63<>"",ISNUMBER(E63),ISNUMBER(F63),F63>0,ISNUMBER(G63)),E63/F63*G63,""),"")
B64: ▸ 프렙 재료 (반제품)
B65: 13 | C65: 요거트 소스 | D65: 프렙 | E65: 340 | F65: 1 | G65: =IFERROR(VLOOKUP(C65,'🧪 프렙 원가표'!$C$8:$D$18,2,0),IFERROR(VLOOKUP(C65,'🥬 식재료 DB'!$C$7:$H$121,6,0),"")) | H65: =IFERROR(IF(AND(C65<>"",ISNUMBER(E65),ISNUMBER(F65),F65>0,ISNUMBER(G65)),E65/F65*G65,""),"")
B66: 14 | D66: 프렙 | G66: =IFERROR(VLOOKUP(C66,'🧪 프렙 원가표'!$C$8:$D$18,2,0),IFERROR(VLOOKUP(C66,'🥬 식재료 DB'!$C$7:$H$121,6,0),"")) | H66: =IFERROR(IF(AND(C66<>"",ISNUMBER(E66),ISNUMBER(F66),F66>0,ISNUMBER(G66)),E66/F66*G66,""),"")
B67: 15 | D67: 프렙 | G67: =IFERROR(VLOOKUP(C67,'🧪 프렙 원가표'!$C$8:$D$18,2,0),IFERROR(VLOOKUP(C67,'🥬 식재료 DB'!$C$7:$H$121,6,0),"")) | H67: =IFERROR(IF(AND(C67<>"",ISNUMBER(E67),ISNUMBER(F67),F67>0,ISNUMBER(G67)),E67/F67*G67,""),"")
B68: 16 | D68: 프렙 | G68: =IFERROR(VLOOKUP(C68,'🧪 프렙 원가표'!$C$8:$D$18,2,0),IFERROR(VLOOKUP(C68,'🥬 식재료 DB'!$C$7:$H$121,6,0),"")) | H68: =IFERROR(IF(AND(C68<>"",ISNUMBER(E68),ISNUMBER(F68),F68>0,ISNUMBER(G68)),E68/F68*G68,""),"")
B69: 17 | D69: 프렙 | G69: =IFERROR(VLOOKUP(C69,'🧪 프렙 원가표'!$C$8:$D$18,2,0),IFERROR(VLOOKUP(C69,'🥬 식재료 DB'!$C$7:$H$121,6,0),"")) | H69: =IFERROR(IF(AND(C69<>"",ISNUMBER(E69),ISNUMBER(F69),F69>0,ISNUMBER(G69)),E69/F69*G69,""),"")

Sheet 🥤 음료
B2: EVEREST RESTAURANT GROUP · 🥤 음료 원가 계산표
B4: 📌 녹색=자동계산 노란색=입력값 | 식재료 DB/고정비용 DB 수정 시 자동 갱신됩니다.
B5: 📌 ▣ 색상 헤더 행: E=판매가 F=식재료원가 G=고정비용배분 H=총원가 I=총원가율 J=판정
B7: No. | C7: 식재료명 | D7: 구분 | E7: 사용량(g) | F7: 수율(%) | G7: g당 단가(원) | H7: 재료 원가(원) | I7: 비고
C8: 🍽 플레인 라씨 | E8: 3500 | F8: =IFERROR(SUM(H10,H11,H12,H13,H14,H15,H16,H17,H18,H19,H20,H21,H23,H24,H25,H26,H27),0) -> 27.666667 | G8: =IFERROR(E8*'💰 고정비용 DB'!$D$22/'💰 고정비용 DB'!$D$25,0) -> 2311.0397 | H8: =IFERROR(G8-F8,"") -> 2283.3731 | I8: =IFERROR(H8/E8,"") -> 0.6523923 | J8: =IF(I8="","⬜ 미입력",IF(I8<=0.2,"✅ 양호",IF(I8<=0.32,"🟡 주의","🔴 과다"))) -> 🔴 과다
B9: ▸ 메인 식재료
B10: 1 | C10: 물 또는 우유 | D10: 메인 | E10: 100 | F10: 1 | G10: =IFERROR(VLOOKUP(C10,'🥬 식재료 DB'!$C$7:$H$121,6,0),"") | H10: =IFERROR(IF(AND(C10<>"",ISNUMBER(E10),ISNUMBER(F10),F10>0,ISNUMBER(G10)),E10/F10*G10,""),"")
B11: 2 | C11: 설탕 | D11: 메인 | E11: 20 | F11: 1 | G11: =IFERROR(VLOOKUP(C11,'🥬 식재료 DB'!$C$7:$H$121,6,0),"") -> 1.3333333 | H11: =IFERROR(IF(AND(C11<>"",ISNUMBER(E11),ISNUMBER(F11),F11>0,ISNUMBER(G11)),E11/F11*G11,""),"") -> 26.666667
B12: 3 | C12: 꽃소금 | D12: 메인 | E12: 1 | F12: 1 | G12: =IFERROR(VLOOKUP(C12,'🥬 식재료 DB'!$C$7:$H$121,6,0),"") -> 1 | H12: =IFERROR(IF(AND(C12<>"",ISNUMBER(E12),ISNUMBER(F12),F12>0,ISNUMBER(G12)),E12/F12*G12,""),"") -> 1
B13: 4 | D13: 메인 | G13: =IFERROR(VLOOKUP(C13,'🥬 식재료 DB'!$C$7:$H$121,6,0),"") | H13: =IFERROR(IF(AND(C13<>"",ISNUMBER(E13),ISNUMBER(F13),F13>0,ISNUMBER(G13)),E13/F13*G13,""),"")
B14: 5 | D14: 메인 | G14: =IFERROR(VLOOKUP(C14,'🥬 식재료 DB'!$C$7:$H$121,6,0),"") | H14: =IFERROR(IF(AND(C14<>"",ISNUMBER(E14),ISNUMBER(F14),F14>0,ISNUMBER(G14)),E14/F14*G14,""),"")
B15: 6 | D15: 메인 | G15: =IFERROR(VLOOKUP(C15,'🥬 식재료 DB'!$C$7:$H$121,6,0),"") | H15: =IFERROR(IF(AND(C15<>"",ISNUMBER(E15),ISNUMBER(F15),F15>0,ISNUMBER(G15)),E15/F15*G15,""),"")
B16: 7 | D16: 메인 | G16: =IFERROR(VLOOKUP(C16,'🥬 식재료 DB'!$C$7:$H$121,6,0),"") | H16: =IFERROR(IF(AND(C16<>"",ISNUMBER(E16),ISNUMBER(F16),F16>0,ISNUMBER(G16)),E16/F16*G16,""),"")
B17: 8 | D17: 메인 | G17: =IFERROR(VLOOKUP(C17,'🥬 식재료 DB'!$C$7:$H$121,6,0),"") | H17: =IFERROR(IF(AND(C17<>"",ISNUMBER(E17),ISNUMBER(F17),F17>0,ISNUMBER(G17)),E17/F17*G17,""),"")
B18: 9 | D18: 메인 | G18: =IFERROR(VLOOKUP(C18,'🥬 식재료 DB'!$C$7:$H$121,6,0),"") | H18: =IFERROR(IF(AND(C18<>"",ISNUMBER(E18),ISNUMBER(F18),F18>0,ISNUMBER(G18)),E18/F18*G18,""),"")
B19: 10 | D19: 메인 | G19: =IFERROR(VLOOKUP(C19,'🥬 식재료 DB'!$C$7:$H$121,6,0),"") | H19: =IFERROR(IF(AND(C19<>"",ISNUMBER(E19),ISNUMBER(F19),F19>0,ISNUMBER(G19)),E19/F19*G19,""),"")
B20: 11 | D20: 메인 | G20: =IFERROR(VLOOKUP(C20,'🥬 식재료 DB'!$C$7:$H$121,6,0),"") | H20: =IFERROR(IF(AND(C20<>"",ISNUMBER(E20),ISNUMBER(F20),F20>0,ISNUMBER(G20)),E20/F20*G20,""),"")
B21: 12 | D21: 메인 | G21: =IFERROR(VLOOKUP(C21,'🥬 식재료 DB'!$C$7:$H$121,6,0),"") | H21: =IFERROR(IF(AND(C21<>"",ISNUMBER(E21),ISNUMBER(F21),F21>0,ISNUMBER(G21)),E21/F21*G21,""),"")
B22: ▸ 프렙 재료 (반제품)
B23: 13 | C23: 요거트 소스 | D23: 프렙 | E23: 250 | F23: 1 | G23: =IFERROR(VLOOKUP(C23,'🧪 프렙 원가표'!$C$8:$D$18,2,0),IFERROR(VLOOKUP(C23,'🥬 식재료 DB'!$C$7:$H$121,6,0),"")) | H23: =IFERROR(IF(AND(C23<>"",ISNUMBER(E23),ISNUMBER(F23),F23>0,ISNUMBER(G23)),E23/F23*G23,""),"")
B24: 14 | D24: 프렙 | G24: =IFERROR(VLOOKUP(C24,'🧪 프렙 원가표'!$C$8:$D$18,2,0),IFERROR(VLOOKUP(C24,'🥬 식재료 DB'!$C$7:$H$121,6,0),"")) | H24: =IFERROR(IF(AND(C24<>"",ISNUMBER(E24),ISNUMBER(F24),F24>0,ISNUMBER(G24)),E24/F24*G24,""),"")
B25: 15 | D25: 프렙 | G25: =IFERROR(VLOOKUP(C25,'🧪 프렙 원가표'!$C$8:$D$18,2,0),IFERROR(VLOOKUP(C25,'🥬 식재료 DB'!$C$7:$H$121,6,0),"")) | H25: =IFERROR(IF(AND(C25<>"",ISNUMBER(E25),ISNUMBER(F25),F25>0,ISNUMBER(G25)),E25/F25*G25,""),"")
B26: 16 | D26: 프렙 | G26: =IFERROR(VLOOKUP(C26,'🧪 프렙 원가표'!$C$8:$D$18,2,0),IFERROR(VLOOKUP(C26,'🥬 식재료 DB'!$C$7:$H$121,6,0),"")) | H26: =IFERROR(IF(AND(C26<>"",ISNUMBER(E26),ISNUMBER(F26),F26>0,ISNUMBER(G26)),E26/F26*G26,""),"")
B27: 17 | D27: 프렙 | G27: =IFERROR(VLOOKUP(C27,'🧪 프렙 원가표'!$C$8:$D$18,2,0),IFERROR(VLOOKUP(C27,'🥬 식재료 DB'!$C$7:$H$121,6,0),"")) | H27: =IFERROR(IF(AND(C27<>"",ISNUMBER(E27),ISNUMBER(F27),F27>0,ISNUMBER(G27)),E27/F27*G27,""),"")
C29: 🍽 딸기 라씨 | E29: 4000 | F29: =IFERROR(SUM(H31,H32,H33,H34,H35,H36,H37,H38,H39,H40,H41,H42,H44,H45,H46,H47,H48),0) -> 26.666667 | G29: =IFERROR(E29*'💰 고정비용 DB'!$D$22/'💰 고정비용 DB'!$D$25,0) -> 2641.1883 | H29: =IFERROR(G29-F29,"") -> 2614.5216 | I29: =IFERROR(H29/E29,"") -> 0.6536304 | J29: =IF(I29="","⬜ 미입력",IF(I29<=0.2,"✅ 양호",IF(I29<=0.32,"🟡 주의","🔴 과다"))) -> 🔴 과다
B30: ▸ 메인 식재료
B31: 1 | C31: 냉동 딸기 | D31: 메인 | E31: 20 | F31: 1 | G31: =IFERROR(VLOOKUP(C31,'🥬 식재료 DB'!$C$7:$H$121,6,0),"") | H31: =IFERROR(IF(AND(C31<>"",ISNUMBER(E31),ISNUMBER(F31),F31>0,ISNUMBER(G31)),E31/F31*G31,""),"")
B32: 2 | C32: 설탕 | D32: 메인 | E32: 20 | F32: 1 | G32: =IFERROR(VLOOKUP(C32,'🥬 식재료 DB'!$C$7:$H$121,6,0),"") -> 1.3333333 | H32: =IFERROR(IF(AND(C32<>"",ISNUMBER(E32),ISNUMBER(F32),F32>0,ISNUMBER(G32)),E32/F32*G32,""),"") -> 26.666667
B33: 3 | C33: 물 | D33: 메인 | E33: 50 | F33: 1 | G33: =IFERROR(VLOOKUP(C33,'🥬 식재료 DB'!$C$7:$H$121,6,0),"") | H33: =IFERROR(IF(AND(C33<>"",ISNUMBER(E33),ISNUMBER(F33),F33>0,ISNUMBER(G33)),E33/F33*G33,""),"")
B34: 4 | D34: 메인 | G34: =IFERROR(VLOOKUP(C34,'🥬 식재료 DB'!$C$7:$H$121,6,0),"") | H34: =IFERROR(IF(AND(C34<>"",ISNUMBER(E34),ISNUMBER(F34),F34>0,ISNUMBER(G34)),E34/F34*G34,""),"")
B35: 5 | D35: 메인 | G35: =IFERROR(VLOOKUP(C35,'🥬 식재료 DB'!$C$7:$H$121,6,0),"") | H35: =IFERROR(IF(AND(C35<>"",ISNUMBER(E35),ISNUMBER(F35),F35>0,ISNUMBER(G35)),E35/F35*G35,""),"")
B36: 6 | D36: 메인 | G36: =IFERROR(VLOOKUP(C36,'🥬 식재료 DB'!$C$7:$H$121,6,0),"") | H36: =IFERROR(IF(AND(C36<>"",ISNUMBER(E36),ISNUMBER(F36),F36>0,ISNUMBER(G36)),E36/F36*G36,""),"")
B37: 7 | D37: 메인 | G37: =IFERROR(VLOOKUP(C37,'🥬 식재료 DB'!$C$7:$H$121,6,0),"") | H37: =IFERROR(IF(AND(C37<>"",ISNUMBER(E37),ISNUMBER(F37),F37>0,ISNUMBER(G37)),E37/F37*G37,""),"")
B38: 8 | D38: 메인 | G38: =IFERROR(VLOOKUP(C38,'🥬 식재료 DB'!$C$7:$H$121,6,0),"") | H38: =IFERROR(IF(AND(C38<>"",ISNUMBER(E38),ISNUMBER(F38),F38>0,ISNUMBER(G38)),E38/F38*G38,""),"")
B39: 9 | D39: 메인 | G39: =IFERROR(VLOOKUP(C39,'🥬 식재료 DB'!$C$7:$H$121,6,0),"") | H39: =IFERROR(IF(AND(C39<>"",ISNUMBER(E39),ISNUMBER(F39),F39>0,ISNUMBER(G39)),E39/F39*G39,""),"")
B40: 10 | D40: 메인 | G40: =IFERROR(VLOOKUP(C40,'🥬 식재료 DB'!$C$7:$H$121,6,0),"") | H40: =IFERROR(IF(AND(C40<>"",ISNUMBER(E40),ISNUMBER(F40),F40>0,ISNUMBER(G40)),E40/F40*G40,""),"")
